sample	unit	fq1	fq2	strandedness
ENCFF155BEJ	1	FASTQ/ENCFF155BEJ.fastq.gz	FASTQ/ENCFF508LOI.fastq.gz	none
ENCFF471LKZ	1	FASTQ/ENCFF471LKZ.fastq.gz	FASTQ/ENCFF939PHY.fastq.gz	yes
ENCFF905PJJ	1	FASTQ/ENCFF905PJJ.fastq.gz	FASTQ/ENCFF996ORV.fastq.gz	yes
ENCFF101BYW	1	FASTQ/ENCFF101BYW.fastq.gz	FASTQ/ENCFF960DSZ.fastq.gz	yes
ENCFF931KRG	1	FASTQ/ENCFF931KRG.fastq.gz	FASTQ/ENCFF827UKA.fastq.gz	yes
ENCFF865EWS	1	FASTQ/ENCFF865EWS.fastq.gz	FASTQ/ENCFF840EXO.fastq.gz	yes
ENCFF272MLI	1	FASTQ/ENCFF272MLI.fastq.gz	FASTQ/ENCFF824CXQ.fastq.gz	yes
ENCFF531WLW	1	FASTQ/ENCFF531WLW.fastq.gz	FASTQ/ENCFF816NNN.fastq.gz	yes
ENCFF518YAD	1	FASTQ/ENCFF518YAD.fastq.gz	FASTQ/ENCFF454XED.fastq.gz	yes
ENCFF404RRH	1	FASTQ/ENCFF404RRH.fastq.gz	FASTQ/ENCFF674JZT.fastq.gz	yes
ENCFF913CRN	1	FASTQ/ENCFF913CRN.fastq.gz	FASTQ/ENCFF721FEW.fastq.gz	yes
ENCFF726LTF	1	FASTQ/ENCFF726LTF.fastq.gz	FASTQ/ENCFF569YVH.fastq.gz	yes
ENCFF363BNT	1	FASTQ/ENCFF363BNT.fastq.gz	FASTQ/ENCFF792ISO.fastq.gz	none
ENCFF139NPY	1	FASTQ/ENCFF139NPY.fastq.gz	FASTQ/ENCFF943RCH.fastq.gz	yes
ENCFF969VMA	1	FASTQ/ENCFF969VMA.fastq.gz	FASTQ/ENCFF665CRU.fastq.gz	yes
ENCFF230IAI	1	FASTQ/ENCFF230IAI.fastq.gz	FASTQ/ENCFF550QYI.fastq.gz	yes
ENCFF981UMN	1	FASTQ/ENCFF981UMN.fastq.gz	FASTQ/ENCFF088WND.fastq.gz	yes
ENCFF887BCE	1	FASTQ/ENCFF887BCE.fastq.gz	FASTQ/ENCFF969GRN.fastq.gz	yes
ENCFF423TCH	1	FASTQ/ENCFF423TCH.fastq.gz	FASTQ/ENCFF973JAQ.fastq.gz	yes
ENCFF254ZXJ	1	FASTQ/ENCFF254ZXJ.fastq.gz	FASTQ/ENCFF715JYT.fastq.gz	yes
ENCFF935MFR	1	FASTQ/ENCFF935MFR.fastq.gz	FASTQ/ENCFF566CJR.fastq.gz	yes
ENCFF138XJC	1	FASTQ/ENCFF138XJC.fastq.gz	FASTQ/ENCFF259VDL.fastq.gz	yes
ENCFF546VNH	1	FASTQ/ENCFF546VNH.fastq.gz	FASTQ/ENCFF420URE.fastq.gz	yes
ENCFF817WSL	1	FASTQ/ENCFF817WSL.fastq.gz	FASTQ/ENCFF808HXX.fastq.gz	yes
ENCFF911PIU	1	FASTQ/ENCFF911PIU.fastq.gz	FASTQ/ENCFF202RJH.fastq.gz	yes
ENCFF183BFH	1	FASTQ/ENCFF183BFH.fastq.gz	FASTQ/ENCFF054EQY.fastq.gz	yes
ENCFF662YCZ	1	FASTQ/ENCFF662YCZ.fastq.gz	FASTQ/ENCFF242RPJ.fastq.gz	yes
ENCFF006QAK	1	FASTQ/ENCFF006QAK.fastq.gz	FASTQ/ENCFF278VBD.fastq.gz	yes
ENCFF678ZHA	1	FASTQ/ENCFF678ZHA.fastq.gz	FASTQ/ENCFF509SZZ.fastq.gz	yes
ENCFF135KIN	1	FASTQ/ENCFF135KIN.fastq.gz	FASTQ/ENCFF426CCB.fastq.gz	yes
ENCFF090TZB	1	FASTQ/ENCFF090TZB.fastq.gz	FASTQ/ENCFF406GLE.fastq.gz	none
ENCFF578FTQ	1	FASTQ/ENCFF578FTQ.fastq.gz	FASTQ/ENCFF818ETK.fastq.gz	yes
ENCFF356FGY	1	FASTQ/ENCFF356FGY.fastq.gz	FASTQ/ENCFF369PRJ.fastq.gz	yes
ENCFF559ZLS	1	FASTQ/ENCFF559ZLS.fastq.gz	FASTQ/ENCFF495SUF.fastq.gz	yes
ENCFF041YGN	1	FASTQ/ENCFF041YGN.fastq.gz	FASTQ/ENCFF909LAP.fastq.gz	yes
ENCFF807JYP	1	FASTQ/ENCFF807JYP.fastq.gz	FASTQ/ENCFF168MEE.fastq.gz	yes
ENCFF060PJQ	1	FASTQ/ENCFF060PJQ.fastq.gz	FASTQ/ENCFF043CWG.fastq.gz	yes
ENCFF761WMV	1	FASTQ/ENCFF761WMV.fastq.gz	FASTQ/ENCFF423NOE.fastq.gz	yes
ENCFF488MOL	1	FASTQ/ENCFF488MOL.fastq.gz	FASTQ/ENCFF003IEE.fastq.gz	yes
ENCFF647LIH	1	FASTQ/ENCFF647LIH.fastq.gz	FASTQ/ENCFF839KNW.fastq.gz	yes
ENCFF163IDA	1	FASTQ/ENCFF163IDA.fastq.gz	FASTQ/ENCFF149WDM.fastq.gz	yes
ENCFF002BYR	1	FASTQ/ENCFF002BYR.fastq.gz	FASTQ/ENCFF002BYS.fastq.gz	yes
ENCFF714YYN	1	FASTQ/ENCFF714YYN.fastq.gz	FASTQ/ENCFF729PCF.fastq.gz	yes
ENCFF303JYO	1	FASTQ/ENCFF303JYO.fastq.gz	FASTQ/ENCFF676EOG.fastq.gz	yes
ENCFF529CRN	1	FASTQ/ENCFF529CRN.fastq.gz	FASTQ/ENCFF801RVA.fastq.gz	yes
ENCFF497EYP	1	FASTQ/ENCFF497EYP.fastq.gz	FASTQ/ENCFF509GSE.fastq.gz	yes
ENCFF656GCJ	1	FASTQ/ENCFF656GCJ.fastq.gz	FASTQ/ENCFF992TJY.fastq.gz	yes
ENCFF248GRO	1	FASTQ/ENCFF248GRO.fastq.gz	FASTQ/ENCFF124VMT.fastq.gz	yes
ENCFF077QGG	1	FASTQ/ENCFF077QGG.fastq.gz	FASTQ/ENCFF265ESV.fastq.gz	yes
ENCFF307IXW	1	FASTQ/ENCFF307IXW.fastq.gz	FASTQ/ENCFF268LME.fastq.gz	yes
ENCFF002CAN	1	FASTQ/ENCFF002CAN.fastq.gz	FASTQ/ENCFF002CAO.fastq.gz	yes
ENCFF228TQK	1	FASTQ/ENCFF228TQK.fastq.gz	FASTQ/ENCFF773CAF.fastq.gz	yes
ENCFF002CBH	1	FASTQ/ENCFF002CBH.fastq.gz	FASTQ/ENCFF002CBI.fastq.gz	yes
ENCFF813XBJ	1	FASTQ/ENCFF813XBJ.fastq.gz	FASTQ/ENCFF276KEO.fastq.gz	yes
ENCFF377HLA	1	FASTQ/ENCFF377HLA.fastq.gz	FASTQ/ENCFF274VRW.fastq.gz	yes
ENCFF029XLP	1	FASTQ/ENCFF029XLP.fastq.gz	FASTQ/ENCFF057UOC.fastq.gz	yes
ENCFF697QSK	1	FASTQ/ENCFF697QSK.fastq.gz	FASTQ/ENCFF962ZNH.fastq.gz	yes
ENCFF866CST	1	FASTQ/ENCFF866CST.fastq.gz	FASTQ/ENCFF404VZE.fastq.gz	yes
ENCFF274QSX	1	FASTQ/ENCFF274QSX.fastq.gz	FASTQ/ENCFF798NIQ.fastq.gz	yes
ENCFF958XZI	1	FASTQ/ENCFF958XZI.fastq.gz	FASTQ/ENCFF626TNO.fastq.gz	yes
ENCFF952XLG	1	FASTQ/ENCFF952XLG.fastq.gz	FASTQ/ENCFF609YVZ.fastq.gz	yes
ENCFF339DLT	1	FASTQ/ENCFF339DLT.fastq.gz	FASTQ/ENCFF333ZCD.fastq.gz	yes
ENCFF062EEN	1	FASTQ/ENCFF062EEN.fastq.gz	FASTQ/ENCFF200BVN.fastq.gz	yes
ENCFF237BNB	1	FASTQ/ENCFF237BNB.fastq.gz	FASTQ/ENCFF130XER.fastq.gz	none
ENCFF706QKU	1	FASTQ/ENCFF706QKU.fastq.gz	FASTQ/ENCFF741IAM.fastq.gz	yes
ENCFF480VHY	1	FASTQ/ENCFF480VHY.fastq.gz	FASTQ/ENCFF659GQG.fastq.gz	yes
ENCFF123FGM	1	FASTQ/ENCFF123FGM.fastq.gz	FASTQ/ENCFF450QIC.fastq.gz	yes
ENCFF987GAK	1	FASTQ/ENCFF987GAK.fastq.gz	FASTQ/ENCFF997UJN.fastq.gz	none
ENCFF607UZB	1	FASTQ/ENCFF607UZB.fastq.gz	FASTQ/ENCFF010WNS.fastq.gz	yes
ENCFF717GWL	1	FASTQ/ENCFF717GWL.fastq.gz	FASTQ/ENCFF552PPN.fastq.gz	yes
ENCFF144QRE	1	FASTQ/ENCFF144QRE.fastq.gz	FASTQ/ENCFF981ZVY.fastq.gz	yes
ENCFF559JCM	1	FASTQ/ENCFF559JCM.fastq.gz	FASTQ/ENCFF899YII.fastq.gz	yes
ENCFF942ELT	1	FASTQ/ENCFF942ELT.fastq.gz	FASTQ/ENCFF209LFW.fastq.gz	yes
ENCFF870LAT	1	FASTQ/ENCFF870LAT.fastq.gz	FASTQ/ENCFF589YEV.fastq.gz	yes
ENCFF281GKZ	1	FASTQ/ENCFF281GKZ.fastq.gz	FASTQ/ENCFF826MUD.fastq.gz	yes
ENCFF746IQK	1	FASTQ/ENCFF746IQK.fastq.gz	FASTQ/ENCFF812XLO.fastq.gz	yes
ENCFF105EPY	1	FASTQ/ENCFF105EPY.fastq.gz	FASTQ/ENCFF503QYK.fastq.gz	yes
ENCFF361BPK	1	FASTQ/ENCFF361BPK.fastq.gz	FASTQ/ENCFF826EEI.fastq.gz	yes
ENCFF539FEL	1	FASTQ/ENCFF539FEL.fastq.gz	FASTQ/ENCFF276RDY.fastq.gz	yes
ENCFF089FAQ	1	FASTQ/ENCFF089FAQ.fastq.gz	FASTQ/ENCFF711HYW.fastq.gz	yes
ENCFF118MHK	1	FASTQ/ENCFF118MHK.fastq.gz	FASTQ/ENCFF258ZFF.fastq.gz	yes
ENCFF796MOB	1	FASTQ/ENCFF796MOB.fastq.gz	FASTQ/ENCFF432ZRH.fastq.gz	yes
ENCFF147FOE	1	FASTQ/ENCFF147FOE.fastq.gz	FASTQ/ENCFF204NNR.fastq.gz	yes
ENCFF689SMR	1	FASTQ/ENCFF689SMR.fastq.gz	FASTQ/ENCFF439VYF.fastq.gz	yes
ENCFF276WBM	1	FASTQ/ENCFF276WBM.fastq.gz	FASTQ/ENCFF267TKW.fastq.gz	yes
ENCFF578LUJ	1	FASTQ/ENCFF578LUJ.fastq.gz	FASTQ/ENCFF405XDB.fastq.gz	yes
ENCFF190HYE	1	FASTQ/ENCFF190HYE.fastq.gz	FASTQ/ENCFF799NDX.fastq.gz	yes
ENCFF291QQH	1	FASTQ/ENCFF291QQH.fastq.gz	FASTQ/ENCFF602GIQ.fastq.gz	yes
ENCFF249YXO	1	FASTQ/ENCFF249YXO.fastq.gz	FASTQ/ENCFF564FXJ.fastq.gz	yes
ENCFF495VXI	1	FASTQ/ENCFF495VXI.fastq.gz	FASTQ/ENCFF695STL.fastq.gz	yes
ENCFF238NHD	1	FASTQ/ENCFF238NHD.fastq.gz	FASTQ/ENCFF209AWZ.fastq.gz	yes
ENCFF968OEL	1	FASTQ/ENCFF968OEL.fastq.gz	FASTQ/ENCFF402MVG.fastq.gz	yes
ENCFF308UBT	1	FASTQ/ENCFF308UBT.fastq.gz	FASTQ/ENCFF953CAQ.fastq.gz	yes
ENCFF285CHT	1	FASTQ/ENCFF285CHT.fastq.gz	FASTQ/ENCFF198XKY.fastq.gz	yes
ENCFF457DTV	1	FASTQ/ENCFF457DTV.fastq.gz	FASTQ/ENCFF708OQJ.fastq.gz	yes
ENCFF072XHS	1	FASTQ/ENCFF072XHS.fastq.gz	FASTQ/ENCFF128LJM.fastq.gz	yes
ENCFF196NMR	1	FASTQ/ENCFF196NMR.fastq.gz	FASTQ/ENCFF726OXN.fastq.gz	yes
ENCFF758ALR	1	FASTQ/ENCFF758ALR.fastq.gz	FASTQ/ENCFF917YYJ.fastq.gz	yes
ENCFF996LTS	1	FASTQ/ENCFF996LTS.fastq.gz	FASTQ/ENCFF573WYT.fastq.gz	yes
ENCFF412MVK	1	FASTQ/ENCFF412MVK.fastq.gz	FASTQ/ENCFF540QSP.fastq.gz	yes
ENCFF724OXW	1	FASTQ/ENCFF724OXW.fastq.gz	FASTQ/ENCFF424JYZ.fastq.gz	yes
ENCFF837IUI	1	FASTQ/ENCFF837IUI.fastq.gz	FASTQ/ENCFF109MZF.fastq.gz	yes
ENCFF102NCM	1	FASTQ/ENCFF102NCM.fastq.gz	FASTQ/ENCFF875FRI.fastq.gz	yes
ENCFF078GVE	1	FASTQ/ENCFF078GVE.fastq.gz	FASTQ/ENCFF735MYQ.fastq.gz	yes
ENCFF988NMV	1	FASTQ/ENCFF988NMV.fastq.gz	FASTQ/ENCFF205QCK.fastq.gz	yes
ENCFF851STY	1	FASTQ/ENCFF851STY.fastq.gz	FASTQ/ENCFF896WXL.fastq.gz	yes
ENCFF453XVV	1	FASTQ/ENCFF453XVV.fastq.gz	FASTQ/ENCFF972OQE.fastq.gz	yes
ENCFF845TFX	1	FASTQ/ENCFF845TFX.fastq.gz	FASTQ/ENCFF841SLY.fastq.gz	yes
ENCFF405UJA	1	FASTQ/ENCFF405UJA.fastq.gz	FASTQ/ENCFF245HYS.fastq.gz	yes
ENCFF599HVT	1	FASTQ/ENCFF599HVT.fastq.gz	FASTQ/ENCFF391XVT.fastq.gz	none
ENCFF779LOY	1	FASTQ/ENCFF779LOY.fastq.gz	FASTQ/ENCFF069DZK.fastq.gz	yes
ENCFF954NTL	1	FASTQ/ENCFF954NTL.fastq.gz	FASTQ/ENCFF958YTQ.fastq.gz	yes
ENCFF791EFT	1	FASTQ/ENCFF791EFT.fastq.gz	FASTQ/ENCFF238GEK.fastq.gz	yes
ENCFF753WMF	1	FASTQ/ENCFF753WMF.fastq.gz	FASTQ/ENCFF521YJN.fastq.gz	yes
ENCFF043USC	1	FASTQ/ENCFF043USC.fastq.gz	FASTQ/ENCFF463RQB.fastq.gz	yes
ENCFF211SQJ	1	FASTQ/ENCFF211SQJ.fastq.gz	FASTQ/ENCFF748ZFR.fastq.gz	yes
ENCFF410MFK	1	FASTQ/ENCFF410MFK.fastq.gz	FASTQ/ENCFF503MTU.fastq.gz	yes
ENCFF603LXK	1	FASTQ/ENCFF603LXK.fastq.gz	FASTQ/ENCFF796TFA.fastq.gz	yes
ENCFF767CPV	1	FASTQ/ENCFF767CPV.fastq.gz	FASTQ/ENCFF118OAS.fastq.gz	none
ENCFF013ZBD	1	FASTQ/ENCFF013ZBD.fastq.gz	FASTQ/ENCFF144CLP.fastq.gz	yes
ENCFF048UWF	1	FASTQ/ENCFF048UWF.fastq.gz	FASTQ/ENCFF391UIO.fastq.gz	yes
ENCFF501EWO	1	FASTQ/ENCFF501EWO.fastq.gz	FASTQ/ENCFF649CVA.fastq.gz	yes
ENCFF402OGW	1	FASTQ/ENCFF402OGW.fastq.gz	FASTQ/ENCFF637XJX.fastq.gz	yes
ENCFF630ZDV	1	FASTQ/ENCFF630ZDV.fastq.gz	FASTQ/ENCFF993TUN.fastq.gz	yes
ENCFF988YSM	1	FASTQ/ENCFF988YSM.fastq.gz	FASTQ/ENCFF010SGO.fastq.gz	yes
ENCFF798DTH	1	FASTQ/ENCFF798DTH.fastq.gz	FASTQ/ENCFF394RFA.fastq.gz	yes
ENCFF008UHA	1	FASTQ/ENCFF008UHA.fastq.gz	FASTQ/ENCFF678ZQI.fastq.gz	yes
ENCFF888DBC	1	FASTQ/ENCFF888DBC.fastq.gz	FASTQ/ENCFF340YJW.fastq.gz	yes
ENCFF880DON	1	FASTQ/ENCFF880DON.fastq.gz	FASTQ/ENCFF899MED.fastq.gz	yes
ENCFF167MYT	1	FASTQ/ENCFF167MYT.fastq.gz	FASTQ/ENCFF220WUH.fastq.gz	yes
ENCFF289HLB	1	FASTQ/ENCFF289HLB.fastq.gz	FASTQ/ENCFF533GLS.fastq.gz	yes
ENCFF082HTI	1	FASTQ/ENCFF082HTI.fastq.gz	FASTQ/ENCFF444LJL.fastq.gz	yes
ENCFF272JXX	1	FASTQ/ENCFF272JXX.fastq.gz	FASTQ/ENCFF851RGA.fastq.gz	yes
ENCFF048SDS	1	FASTQ/ENCFF048SDS.fastq.gz	FASTQ/ENCFF410DEW.fastq.gz	yes
ENCFF665BGI	1	FASTQ/ENCFF665BGI.fastq.gz	FASTQ/ENCFF315AQR.fastq.gz	yes
ENCFF339AAQ	1	FASTQ/ENCFF339AAQ.fastq.gz	FASTQ/ENCFF326YLT.fastq.gz	yes
ENCFF862RGW	1	FASTQ/ENCFF862RGW.fastq.gz	FASTQ/ENCFF300PDX.fastq.gz	yes
ENCFF017WXT	1	FASTQ/ENCFF017WXT.fastq.gz	FASTQ/ENCFF510GOL.fastq.gz	yes
ENCFF483XPE	1	FASTQ/ENCFF483XPE.fastq.gz	FASTQ/ENCFF679KIM.fastq.gz	yes
ENCFF336OBP	1	FASTQ/ENCFF336OBP.fastq.gz	FASTQ/ENCFF014RYG.fastq.gz	yes
ENCFF893DVI	1	FASTQ/ENCFF893DVI.fastq.gz	FASTQ/ENCFF701BZS.fastq.gz	yes
ENCFF743EKS	1	FASTQ/ENCFF743EKS.fastq.gz	FASTQ/ENCFF553PEN.fastq.gz	yes
ENCFF155CZF	1	FASTQ/ENCFF155CZF.fastq.gz	FASTQ/ENCFF069SAK.fastq.gz	yes
ENCFF374DXZ	1	FASTQ/ENCFF374DXZ.fastq.gz	FASTQ/ENCFF169MDM.fastq.gz	yes
ENCFF399ZJQ	1	FASTQ/ENCFF399ZJQ.fastq.gz	FASTQ/ENCFF406XHI.fastq.gz	yes
ENCFF076EAI	1	FASTQ/ENCFF076EAI.fastq.gz	FASTQ/ENCFF478ILB.fastq.gz	yes
ENCFF326WTJ	1	FASTQ/ENCFF326WTJ.fastq.gz	FASTQ/ENCFF767QZM.fastq.gz	yes
ENCFF885RKO	1	FASTQ/ENCFF885RKO.fastq.gz	FASTQ/ENCFF403KYM.fastq.gz	yes
ENCFF036XQB	1	FASTQ/ENCFF036XQB.fastq.gz	FASTQ/ENCFF756OXT.fastq.gz	yes
ENCFF592ZZR	1	FASTQ/ENCFF592ZZR.fastq.gz	FASTQ/ENCFF306TVJ.fastq.gz	yes
ENCFF897FIU	1	FASTQ/ENCFF897FIU.fastq.gz	FASTQ/ENCFF214WSE.fastq.gz	yes
ENCFF630LSV	1	FASTQ/ENCFF630LSV.fastq.gz	FASTQ/ENCFF660XEW.fastq.gz	yes
ENCFF002CAZ	1	FASTQ/ENCFF002CAZ.fastq.gz	FASTQ/ENCFF002CBA.fastq.gz	yes
ENCFF182RAD	1	FASTQ/ENCFF182RAD.fastq.gz	FASTQ/ENCFF863SFE.fastq.gz	yes
ENCFF550NYY	1	FASTQ/ENCFF550NYY.fastq.gz	FASTQ/ENCFF408ARC.fastq.gz	yes
ENCFF366MJN	1	FASTQ/ENCFF366MJN.fastq.gz	FASTQ/ENCFF259JKZ.fastq.gz	yes
ENCFF872RJV	1	FASTQ/ENCFF872RJV.fastq.gz	FASTQ/ENCFF386PUA.fastq.gz	yes
ENCFF262ABF	1	FASTQ/ENCFF262ABF.fastq.gz	FASTQ/ENCFF458YEY.fastq.gz	yes
ENCFF647VRD	1	FASTQ/ENCFF647VRD.fastq.gz	FASTQ/ENCFF845KED.fastq.gz	yes
ENCFF298TSM	1	FASTQ/ENCFF298TSM.fastq.gz	FASTQ/ENCFF229BQW.fastq.gz	yes
ENCFF614VYE	1	FASTQ/ENCFF614VYE.fastq.gz	FASTQ/ENCFF352SRL.fastq.gz	yes
ENCFF512ADP	1	FASTQ/ENCFF512ADP.fastq.gz	FASTQ/ENCFF601NHH.fastq.gz	none
ENCFF409FXM	1	FASTQ/ENCFF409FXM.fastq.gz	FASTQ/ENCFF698ZGA.fastq.gz	yes
ENCFF678UNI	1	FASTQ/ENCFF678UNI.fastq.gz	FASTQ/ENCFF046RXR.fastq.gz	yes
ENCFF613HXG	1	FASTQ/ENCFF613HXG.fastq.gz	FASTQ/ENCFF989HXZ.fastq.gz	yes
ENCFF942ZQA	1	FASTQ/ENCFF942ZQA.fastq.gz	FASTQ/ENCFF274IFL.fastq.gz	yes
ENCFF226MZL	1	FASTQ/ENCFF226MZL.fastq.gz	FASTQ/ENCFF108KML.fastq.gz	yes
ENCFF500LRG	1	FASTQ/ENCFF500LRG.fastq.gz	FASTQ/ENCFF252ZKT.fastq.gz	yes
ENCFF898UHK	1	FASTQ/ENCFF898UHK.fastq.gz	FASTQ/ENCFF181VGX.fastq.gz	yes
ENCFF283RKD	1	FASTQ/ENCFF283RKD.fastq.gz	FASTQ/ENCFF958QZU.fastq.gz	yes
ENCFF590EJN	1	FASTQ/ENCFF590EJN.fastq.gz	FASTQ/ENCFF717NPV.fastq.gz	yes
ENCFF188RNC	1	FASTQ/ENCFF188RNC.fastq.gz	FASTQ/ENCFF416BXM.fastq.gz	yes
ENCFF844NNV	1	FASTQ/ENCFF844NNV.fastq.gz	FASTQ/ENCFF542HCB.fastq.gz	yes
ENCFF930IBV	1	FASTQ/ENCFF930IBV.fastq.gz	FASTQ/ENCFF834VEC.fastq.gz	yes
ENCFF002CAP	1	FASTQ/ENCFF002CAP.fastq.gz	FASTQ/ENCFF002CAQ.fastq.gz	yes
ENCFF463IGP	1	FASTQ/ENCFF463IGP.fastq.gz	FASTQ/ENCFF007AYD.fastq.gz	yes
ENCFF060ZTX	1	FASTQ/ENCFF060ZTX.fastq.gz	FASTQ/ENCFF519JRM.fastq.gz	yes
ENCFF748DNC	1	FASTQ/ENCFF748DNC.fastq.gz	FASTQ/ENCFF879SZZ.fastq.gz	yes
ENCFF496LSI	1	FASTQ/ENCFF496LSI.fastq.gz	FASTQ/ENCFF038IWE.fastq.gz	none
ENCFF251NST	1	FASTQ/ENCFF251NST.fastq.gz	FASTQ/ENCFF387SCA.fastq.gz	none
ENCFF400RIY	1	FASTQ/ENCFF400RIY.fastq.gz	FASTQ/ENCFF713SIS.fastq.gz	yes
ENCFF926ENE	1	FASTQ/ENCFF926ENE.fastq.gz	FASTQ/ENCFF269NJH.fastq.gz	yes
ENCFF305MOO	1	FASTQ/ENCFF305MOO.fastq.gz	FASTQ/ENCFF229CHG.fastq.gz	yes
ENCFF104EGP	1	FASTQ/ENCFF104EGP.fastq.gz	FASTQ/ENCFF845GQM.fastq.gz	yes
ENCFF523KYJ	1	FASTQ/ENCFF523KYJ.fastq.gz	FASTQ/ENCFF313FOH.fastq.gz	yes
ENCFF721IPD	1	FASTQ/ENCFF721IPD.fastq.gz	FASTQ/ENCFF553WDY.fastq.gz	yes
ENCFF670NYL	1	FASTQ/ENCFF670NYL.fastq.gz	FASTQ/ENCFF097ZBH.fastq.gz	yes
ENCFF228IQM	1	FASTQ/ENCFF228IQM.fastq.gz	FASTQ/ENCFF699VTS.fastq.gz	yes
ENCFF370WAJ	1	FASTQ/ENCFF370WAJ.fastq.gz	FASTQ/ENCFF841CWK.fastq.gz	yes
ENCFF653ISV	1	FASTQ/ENCFF653ISV.fastq.gz	FASTQ/ENCFF060AVK.fastq.gz	yes
ENCFF643IQM	1	FASTQ/ENCFF643IQM.fastq.gz	FASTQ/ENCFF525BYQ.fastq.gz	yes
ENCFF712XAB	1	FASTQ/ENCFF712XAB.fastq.gz	FASTQ/ENCFF614UVQ.fastq.gz	none
ENCFF784KIA	1	FASTQ/ENCFF784KIA.fastq.gz	FASTQ/ENCFF751WNY.fastq.gz	yes
ENCFF137TXG	1	FASTQ/ENCFF137TXG.fastq.gz	FASTQ/ENCFF515SNE.fastq.gz	yes
ENCFF018JDZ	1	FASTQ/ENCFF018JDZ.fastq.gz	FASTQ/ENCFF273CYL.fastq.gz	yes
ENCFF358XGE	1	FASTQ/ENCFF358XGE.fastq.gz	FASTQ/ENCFF928RWG.fastq.gz	yes
ENCFF954MLV	1	FASTQ/ENCFF954MLV.fastq.gz	FASTQ/ENCFF938YNE.fastq.gz	yes
ENCFF771PUB	1	FASTQ/ENCFF771PUB.fastq.gz	FASTQ/ENCFF407IVG.fastq.gz	yes
ENCFF360DVE	1	FASTQ/ENCFF360DVE.fastq.gz	FASTQ/ENCFF756JFY.fastq.gz	yes
ENCFF714OWM	1	FASTQ/ENCFF714OWM.fastq.gz	FASTQ/ENCFF934XRW.fastq.gz	yes
ENCFF317AWM	1	FASTQ/ENCFF317AWM.fastq.gz	FASTQ/ENCFF023MFT.fastq.gz	yes
ENCFF915WOP	1	FASTQ/ENCFF915WOP.fastq.gz	FASTQ/ENCFF711JIW.fastq.gz	yes
ENCFF577TKY	1	FASTQ/ENCFF577TKY.fastq.gz	FASTQ/ENCFF181RDF.fastq.gz	yes
ENCFF346JDA	1	FASTQ/ENCFF346JDA.fastq.gz	FASTQ/ENCFF322RVL.fastq.gz	yes
ENCFF145FQY	1	FASTQ/ENCFF145FQY.fastq.gz	FASTQ/ENCFF469UTG.fastq.gz	yes
ENCFF043FJK	1	FASTQ/ENCFF043FJK.fastq.gz	FASTQ/ENCFF143SRK.fastq.gz	yes
ENCFF683KQQ	1	FASTQ/ENCFF683KQQ.fastq.gz	FASTQ/ENCFF224AVH.fastq.gz	yes
ENCFF020VSG	1	FASTQ/ENCFF020VSG.fastq.gz	FASTQ/ENCFF251WQU.fastq.gz	yes
ENCFF912COC	1	FASTQ/ENCFF912COC.fastq.gz	FASTQ/ENCFF828OZT.fastq.gz	yes
ENCFF545AUF	1	FASTQ/ENCFF545AUF.fastq.gz	FASTQ/ENCFF075ACC.fastq.gz	yes
ENCFF072QAT	1	FASTQ/ENCFF072QAT.fastq.gz	FASTQ/ENCFF179KHR.fastq.gz	yes
ENCFF258AKK	1	FASTQ/ENCFF258AKK.fastq.gz	FASTQ/ENCFF028JDE.fastq.gz	yes
ENCFF342YJO	1	FASTQ/ENCFF342YJO.fastq.gz	FASTQ/ENCFF054FSD.fastq.gz	yes
ENCFF293EYK	1	FASTQ/ENCFF293EYK.fastq.gz	FASTQ/ENCFF802SMQ.fastq.gz	yes
ENCFF576CAF	1	FASTQ/ENCFF576CAF.fastq.gz	FASTQ/ENCFF162EMY.fastq.gz	yes
ENCFF141GMF	1	FASTQ/ENCFF141GMF.fastq.gz	FASTQ/ENCFF380NPY.fastq.gz	yes
ENCFF233BKW	1	FASTQ/ENCFF233BKW.fastq.gz	FASTQ/ENCFF303LTZ.fastq.gz	yes
ENCFF120VYW	1	FASTQ/ENCFF120VYW.fastq.gz	FASTQ/ENCFF633GYP.fastq.gz	yes
ENCFF324TSF	1	FASTQ/ENCFF324TSF.fastq.gz	FASTQ/ENCFF417JZE.fastq.gz	yes
ENCFF491ZUL	1	FASTQ/ENCFF491ZUL.fastq.gz	FASTQ/ENCFF902HPG.fastq.gz	yes
ENCFF045XSD	1	FASTQ/ENCFF045XSD.fastq.gz	FASTQ/ENCFF527PQY.fastq.gz	yes
ENCFF602NGL	1	FASTQ/ENCFF602NGL.fastq.gz	FASTQ/ENCFF494ZRW.fastq.gz	yes
ENCFF595QMT	1	FASTQ/ENCFF595QMT.fastq.gz	FASTQ/ENCFF792GRH.fastq.gz	yes
ENCFF824FVD	1	FASTQ/ENCFF824FVD.fastq.gz	FASTQ/ENCFF021TLE.fastq.gz	yes
ENCFF467ZQZ	1	FASTQ/ENCFF467ZQZ.fastq.gz	FASTQ/ENCFF039XRD.fastq.gz	yes
ENCFF985OVL	1	FASTQ/ENCFF985OVL.fastq.gz	FASTQ/ENCFF593XTS.fastq.gz	yes
ENCFF715KAE	1	FASTQ/ENCFF715KAE.fastq.gz	FASTQ/ENCFF131WOU.fastq.gz	yes
ENCFF013IJN	1	FASTQ/ENCFF013IJN.fastq.gz	FASTQ/ENCFF927CUY.fastq.gz	yes
ENCFF015PIM	1	FASTQ/ENCFF015PIM.fastq.gz	FASTQ/ENCFF997NCB.fastq.gz	yes
ENCFF619LUS	1	FASTQ/ENCFF619LUS.fastq.gz	FASTQ/ENCFF200OMG.fastq.gz	yes
ENCFF307YSL	1	FASTQ/ENCFF307YSL.fastq.gz	FASTQ/ENCFF823EPB.fastq.gz	yes
ENCFF845HPT	1	FASTQ/ENCFF845HPT.fastq.gz	FASTQ/ENCFF313XFX.fastq.gz	yes
ENCFF201DAB	1	FASTQ/ENCFF201DAB.fastq.gz	FASTQ/ENCFF788TCC.fastq.gz	yes
ENCFF610CWD	1	FASTQ/ENCFF610CWD.fastq.gz	FASTQ/ENCFF919SZI.fastq.gz	yes
ENCFF139GST	1	FASTQ/ENCFF139GST.fastq.gz	FASTQ/ENCFF599WQS.fastq.gz	yes
ENCFF305WXM	1	FASTQ/ENCFF305WXM.fastq.gz	FASTQ/ENCFF600JAQ.fastq.gz	yes
ENCFF201PEI	1	FASTQ/ENCFF201PEI.fastq.gz	FASTQ/ENCFF508QNI.fastq.gz	yes
ENCFF905SLK	1	FASTQ/ENCFF905SLK.fastq.gz	FASTQ/ENCFF641GDM.fastq.gz	yes
ENCFF005GDQ	1	FASTQ/ENCFF005GDQ.fastq.gz	FASTQ/ENCFF313JCV.fastq.gz	yes
ENCFF591AGR	1	FASTQ/ENCFF591AGR.fastq.gz	FASTQ/ENCFF854WET.fastq.gz	yes
ENCFF857GEA	1	FASTQ/ENCFF857GEA.fastq.gz	FASTQ/ENCFF963IHK.fastq.gz	yes
ENCFF103BIV	1	FASTQ/ENCFF103BIV.fastq.gz	FASTQ/ENCFF986CJT.fastq.gz	yes
ENCFF139HYF	1	FASTQ/ENCFF139HYF.fastq.gz	FASTQ/ENCFF625TCG.fastq.gz	yes
ENCFF855LFN	1	FASTQ/ENCFF855LFN.fastq.gz	FASTQ/ENCFF391CEI.fastq.gz	yes
ENCFF904BLH	1	FASTQ/ENCFF904BLH.fastq.gz	FASTQ/ENCFF363WAW.fastq.gz	yes
ENCFF184CDV	1	FASTQ/ENCFF184CDV.fastq.gz	FASTQ/ENCFF456OPJ.fastq.gz	yes
ENCFF951YBZ	1	FASTQ/ENCFF951YBZ.fastq.gz	FASTQ/ENCFF560XPH.fastq.gz	yes
ENCFF230BQU	1	FASTQ/ENCFF230BQU.fastq.gz	FASTQ/ENCFF662TVD.fastq.gz	yes
ENCFF488SPX	1	FASTQ/ENCFF488SPX.fastq.gz	FASTQ/ENCFF464UID.fastq.gz	yes
ENCFF674YWJ	1	FASTQ/ENCFF674YWJ.fastq.gz	FASTQ/ENCFF243ZQC.fastq.gz	yes
ENCFF894ZLI	1	FASTQ/ENCFF894ZLI.fastq.gz	FASTQ/ENCFF578LVR.fastq.gz	yes
ENCFF202PQE	1	FASTQ/ENCFF202PQE.fastq.gz	FASTQ/ENCFF509LZF.fastq.gz	yes
ENCFF866KCW	1	FASTQ/ENCFF866KCW.fastq.gz	FASTQ/ENCFF518SUL.fastq.gz	yes
ENCFF961DOB	1	FASTQ/ENCFF961DOB.fastq.gz	FASTQ/ENCFF975SOB.fastq.gz	yes
ENCFF200CUU	1	FASTQ/ENCFF200CUU.fastq.gz	FASTQ/ENCFF239LDQ.fastq.gz	yes
ENCFF255GDS	1	FASTQ/ENCFF255GDS.fastq.gz	FASTQ/ENCFF394UEG.fastq.gz	yes
ENCFF257FUP	1	FASTQ/ENCFF257FUP.fastq.gz	FASTQ/ENCFF634DWK.fastq.gz	yes
ENCFF123DMW	1	FASTQ/ENCFF123DMW.fastq.gz	FASTQ/ENCFF037CNE.fastq.gz	yes
ENCFF147QKG	1	FASTQ/ENCFF147QKG.fastq.gz	FASTQ/ENCFF457SHF.fastq.gz	yes
ENCFF085TKK	1	FASTQ/ENCFF085TKK.fastq.gz	FASTQ/ENCFF716RTI.fastq.gz	yes
ENCFF269JTR	1	FASTQ/ENCFF269JTR.fastq.gz	FASTQ/ENCFF058AVY.fastq.gz	yes
ENCFF593VXV	1	FASTQ/ENCFF593VXV.fastq.gz	FASTQ/ENCFF424URS.fastq.gz	yes
ENCFF113MYQ	1	FASTQ/ENCFF113MYQ.fastq.gz	FASTQ/ENCFF528RFZ.fastq.gz	yes
ENCFF772HHV	1	FASTQ/ENCFF772HHV.fastq.gz	FASTQ/ENCFF731HPX.fastq.gz	yes
ENCFF510DOQ	1	FASTQ/ENCFF510DOQ.fastq.gz	FASTQ/ENCFF599JMC.fastq.gz	yes
ENCFF972IWN	1	FASTQ/ENCFF972IWN.fastq.gz	FASTQ/ENCFF467NYT.fastq.gz	yes
ENCFF604PZN	1	FASTQ/ENCFF604PZN.fastq.gz	FASTQ/ENCFF557IUI.fastq.gz	yes
ENCFF871QXZ	1	FASTQ/ENCFF871QXZ.fastq.gz	FASTQ/ENCFF224DOE.fastq.gz	yes
ENCFF114ZEL	1	FASTQ/ENCFF114ZEL.fastq.gz	FASTQ/ENCFF508IXG.fastq.gz	yes
ENCFF862YSI	1	FASTQ/ENCFF862YSI.fastq.gz	FASTQ/ENCFF130ZSK.fastq.gz	yes
ENCFF002BZV	1	FASTQ/ENCFF002BZV.fastq.gz	FASTQ/ENCFF002BZW.fastq.gz	yes
ENCFF410BUA	1	FASTQ/ENCFF410BUA.fastq.gz	FASTQ/ENCFF569SVK.fastq.gz	yes
ENCFF664YNS	1	FASTQ/ENCFF664YNS.fastq.gz	FASTQ/ENCFF896CTU.fastq.gz	yes
ENCFF468IAR	1	FASTQ/ENCFF468IAR.fastq.gz	FASTQ/ENCFF659SYD.fastq.gz	yes
ENCFF392XBJ	1	FASTQ/ENCFF392XBJ.fastq.gz	FASTQ/ENCFF711IKC.fastq.gz	yes
ENCFF264BXG	1	FASTQ/ENCFF264BXG.fastq.gz	FASTQ/ENCFF259UPG.fastq.gz	yes
ENCFF244IXN	1	FASTQ/ENCFF244IXN.fastq.gz	FASTQ/ENCFF010JXT.fastq.gz	yes
ENCFF294FVZ	1	FASTQ/ENCFF294FVZ.fastq.gz	FASTQ/ENCFF754RHC.fastq.gz	yes
ENCFF603MKL	1	FASTQ/ENCFF603MKL.fastq.gz	FASTQ/ENCFF211JML.fastq.gz	yes
ENCFF002BUC	1	FASTQ/ENCFF002BUC.fastq.gz	FASTQ/ENCFF002BUD.fastq.gz	yes
ENCFF793WXG	1	FASTQ/ENCFF793WXG.fastq.gz	FASTQ/ENCFF201DSF.fastq.gz	yes
ENCFF265RYO	1	FASTQ/ENCFF265RYO.fastq.gz	FASTQ/ENCFF554LIG.fastq.gz	yes
ENCFF078MXU	1	FASTQ/ENCFF078MXU.fastq.gz	FASTQ/ENCFF656RXL.fastq.gz	yes
ENCFF592HYZ	1	FASTQ/ENCFF592HYZ.fastq.gz	FASTQ/ENCFF564SYZ.fastq.gz	yes
ENCFF510QXH	1	FASTQ/ENCFF510QXH.fastq.gz	FASTQ/ENCFF197PKZ.fastq.gz	yes
ENCFF975XQH	1	FASTQ/ENCFF975XQH.fastq.gz	FASTQ/ENCFF424OZB.fastq.gz	yes
ENCFF742VSP	1	FASTQ/ENCFF742VSP.fastq.gz	FASTQ/ENCFF264WNW.fastq.gz	yes
ENCFF175CEI	1	FASTQ/ENCFF175CEI.fastq.gz	FASTQ/ENCFF254MQD.fastq.gz	none
ENCFF144GGZ	1	FASTQ/ENCFF144GGZ.fastq.gz	FASTQ/ENCFF739QTJ.fastq.gz	yes
ENCFF951GAY	1	FASTQ/ENCFF951GAY.fastq.gz	FASTQ/ENCFF807YCT.fastq.gz	yes
ENCFF002BZP	1	FASTQ/ENCFF002BZP.fastq.gz	FASTQ/ENCFF002BZQ.fastq.gz	yes
ENCFF624OCC	1	FASTQ/ENCFF624OCC.fastq.gz	FASTQ/ENCFF604UQO.fastq.gz	yes
ENCFF515OEI	1	FASTQ/ENCFF515OEI.fastq.gz	FASTQ/ENCFF662EPC.fastq.gz	yes
ENCFF713QLK	1	FASTQ/ENCFF713QLK.fastq.gz	FASTQ/ENCFF857LTR.fastq.gz	yes
ENCFF458QJR	1	FASTQ/ENCFF458QJR.fastq.gz	FASTQ/ENCFF605QMQ.fastq.gz	yes
ENCFF002BUE	1	FASTQ/ENCFF002BUE.fastq.gz	FASTQ/ENCFF002BUF.fastq.gz	yes
ENCFF769NCC	1	FASTQ/ENCFF769NCC.fastq.gz	FASTQ/ENCFF517NIP.fastq.gz	yes
ENCFF310TVI	1	FASTQ/ENCFF310TVI.fastq.gz	FASTQ/ENCFF147ZUG.fastq.gz	yes
ENCFF427IYE	1	FASTQ/ENCFF427IYE.fastq.gz	FASTQ/ENCFF554VFV.fastq.gz	yes
ENCFF866JYH	1	FASTQ/ENCFF866JYH.fastq.gz	FASTQ/ENCFF404HHT.fastq.gz	yes
ENCFF858NBJ	1	FASTQ/ENCFF858NBJ.fastq.gz	FASTQ/ENCFF397MRU.fastq.gz	yes
ENCFF606HXM	1	FASTQ/ENCFF606HXM.fastq.gz	FASTQ/ENCFF561YES.fastq.gz	none
ENCFF423KYS	1	FASTQ/ENCFF423KYS.fastq.gz	FASTQ/ENCFF379TPW.fastq.gz	yes
ENCFF948DRW	1	FASTQ/ENCFF948DRW.fastq.gz	FASTQ/ENCFF437UUS.fastq.gz	yes
ENCFF860XVB	1	FASTQ/ENCFF860XVB.fastq.gz	FASTQ/ENCFF936XHH.fastq.gz	yes
ENCFF389VYH	1	FASTQ/ENCFF389VYH.fastq.gz	FASTQ/ENCFF100MUM.fastq.gz	yes
ENCFF822VTP	1	FASTQ/ENCFF822VTP.fastq.gz	FASTQ/ENCFF901ECG.fastq.gz	yes
ENCFF926NOE	1	FASTQ/ENCFF926NOE.fastq.gz	FASTQ/ENCFF399EUB.fastq.gz	yes
ENCFF608LYM	1	FASTQ/ENCFF608LYM.fastq.gz	FASTQ/ENCFF302LWE.fastq.gz	yes
ENCFF302BCI	1	FASTQ/ENCFF302BCI.fastq.gz	FASTQ/ENCFF410OHI.fastq.gz	yes
ENCFF924TZR	1	FASTQ/ENCFF924TZR.fastq.gz	FASTQ/ENCFF949KOY.fastq.gz	yes
ENCFF864ZCE	1	FASTQ/ENCFF864ZCE.fastq.gz	FASTQ/ENCFF058KBR.fastq.gz	yes
ENCFF911IEH	1	FASTQ/ENCFF911IEH.fastq.gz	FASTQ/ENCFF779BON.fastq.gz	yes
ENCFF557NVN	1	FASTQ/ENCFF557NVN.fastq.gz	FASTQ/ENCFF986FPH.fastq.gz	yes
ENCFF086SKR	1	FASTQ/ENCFF086SKR.fastq.gz	FASTQ/ENCFF895VRY.fastq.gz	yes
ENCFF789ILZ	1	FASTQ/ENCFF789ILZ.fastq.gz	FASTQ/ENCFF870YVZ.fastq.gz	yes
ENCFF395WVZ	1	FASTQ/ENCFF395WVZ.fastq.gz	FASTQ/ENCFF548WTO.fastq.gz	yes
ENCFF118SWD	1	FASTQ/ENCFF118SWD.fastq.gz	FASTQ/ENCFF466YRF.fastq.gz	none
ENCFF352SRA	1	FASTQ/ENCFF352SRA.fastq.gz	FASTQ/ENCFF852RBO.fastq.gz	yes
ENCFF519RFX	1	FASTQ/ENCFF519RFX.fastq.gz	FASTQ/ENCFF654RRJ.fastq.gz	yes
ENCFF664XEW	1	FASTQ/ENCFF664XEW.fastq.gz	FASTQ/ENCFF892GUZ.fastq.gz	yes
ENCFF219IDZ	1	FASTQ/ENCFF219IDZ.fastq.gz	FASTQ/ENCFF996KZJ.fastq.gz	none
ENCFF172DFO	1	FASTQ/ENCFF172DFO.fastq.gz	FASTQ/ENCFF513LJK.fastq.gz	yes
ENCFF311KOS	1	FASTQ/ENCFF311KOS.fastq.gz	FASTQ/ENCFF972ZTT.fastq.gz	none
ENCFF214RCT	1	FASTQ/ENCFF214RCT.fastq.gz	FASTQ/ENCFF940VDD.fastq.gz	yes
ENCFF050XMB	1	FASTQ/ENCFF050XMB.fastq.gz	FASTQ/ENCFF541TIF.fastq.gz	yes
ENCFF006BJQ	1	FASTQ/ENCFF006BJQ.fastq.gz	FASTQ/ENCFF271EDI.fastq.gz	yes
ENCFF903WQO	1	FASTQ/ENCFF903WQO.fastq.gz	FASTQ/ENCFF790GXP.fastq.gz	yes
ENCFF694AFX	1	FASTQ/ENCFF694AFX.fastq.gz	FASTQ/ENCFF159YAB.fastq.gz	yes
ENCFF332WAY	1	FASTQ/ENCFF332WAY.fastq.gz	FASTQ/ENCFF208GLL.fastq.gz	yes
ENCFF029ZGL	1	FASTQ/ENCFF029ZGL.fastq.gz	FASTQ/ENCFF067TCM.fastq.gz	yes
ENCFF887NBC	1	FASTQ/ENCFF887NBC.fastq.gz	FASTQ/ENCFF732QPC.fastq.gz	yes
ENCFF455TOI	1	FASTQ/ENCFF455TOI.fastq.gz	FASTQ/ENCFF290ARC.fastq.gz	yes
ENCFF446DSH	1	FASTQ/ENCFF446DSH.fastq.gz	FASTQ/ENCFF392ENF.fastq.gz	yes
ENCFF002CAT	1	FASTQ/ENCFF002CAT.fastq.gz	FASTQ/ENCFF002CAU.fastq.gz	yes
ENCFF803FSB	1	FASTQ/ENCFF803FSB.fastq.gz	FASTQ/ENCFF827KTS.fastq.gz	yes
ENCFF319AYU	1	FASTQ/ENCFF319AYU.fastq.gz	FASTQ/ENCFF260BAM.fastq.gz	yes
ENCFF295UBK	1	FASTQ/ENCFF295UBK.fastq.gz	FASTQ/ENCFF977IBG.fastq.gz	yes
ENCFF914WNL	1	FASTQ/ENCFF914WNL.fastq.gz	FASTQ/ENCFF448FXJ.fastq.gz	yes
ENCFF658KYO	1	FASTQ/ENCFF658KYO.fastq.gz	FASTQ/ENCFF320AXJ.fastq.gz	yes
ENCFF773HLT	1	FASTQ/ENCFF773HLT.fastq.gz	FASTQ/ENCFF768JSC.fastq.gz	yes
ENCFF544KQY	1	FASTQ/ENCFF544KQY.fastq.gz	FASTQ/ENCFF659IAW.fastq.gz	yes
ENCFF337AXV	1	FASTQ/ENCFF337AXV.fastq.gz	FASTQ/ENCFF681WKG.fastq.gz	yes
ENCFF471OOW	1	FASTQ/ENCFF471OOW.fastq.gz	FASTQ/ENCFF777MNI.fastq.gz	yes
ENCFF728KNG	1	FASTQ/ENCFF728KNG.fastq.gz	FASTQ/ENCFF253TRI.fastq.gz	yes
ENCFF924EZD	1	FASTQ/ENCFF924EZD.fastq.gz	FASTQ/ENCFF444BKK.fastq.gz	yes
ENCFF989BCC	1	FASTQ/ENCFF989BCC.fastq.gz	FASTQ/ENCFF191FFA.fastq.gz	yes
ENCFF760AWK	1	FASTQ/ENCFF760AWK.fastq.gz	FASTQ/ENCFF280NEO.fastq.gz	yes
ENCFF002BZL	1	FASTQ/ENCFF002BZL.fastq.gz	FASTQ/ENCFF002BZM.fastq.gz	yes
ENCFF399SDB	1	FASTQ/ENCFF399SDB.fastq.gz	FASTQ/ENCFF026XUB.fastq.gz	yes
ENCFF303GRA	1	FASTQ/ENCFF303GRA.fastq.gz	FASTQ/ENCFF003TMV.fastq.gz	yes
ENCFF011KFI	1	FASTQ/ENCFF011KFI.fastq.gz	FASTQ/ENCFF701HKR.fastq.gz	yes
ENCFF365IMS	1	FASTQ/ENCFF365IMS.fastq.gz	FASTQ/ENCFF725MSZ.fastq.gz	yes
ENCFF387GYI	1	FASTQ/ENCFF387GYI.fastq.gz	FASTQ/ENCFF037BLA.fastq.gz	yes
ENCFF962BRP	1	FASTQ/ENCFF962BRP.fastq.gz	FASTQ/ENCFF474LCK.fastq.gz	yes
ENCFF799FEY	1	FASTQ/ENCFF799FEY.fastq.gz	FASTQ/ENCFF686ZOZ.fastq.gz	yes
ENCFF837BXN	1	FASTQ/ENCFF837BXN.fastq.gz	FASTQ/ENCFF361LFF.fastq.gz	yes
ENCFF118PYP	1	FASTQ/ENCFF118PYP.fastq.gz	FASTQ/ENCFF235YCC.fastq.gz	yes
ENCFF898BYT	1	FASTQ/ENCFF898BYT.fastq.gz	FASTQ/ENCFF583MYL.fastq.gz	none
ENCFF665ONM	1	FASTQ/ENCFF665ONM.fastq.gz	FASTQ/ENCFF707EJL.fastq.gz	yes
ENCFF562KIM	1	FASTQ/ENCFF562KIM.fastq.gz	FASTQ/ENCFF955RLP.fastq.gz	yes
ENCFF517FBY	1	FASTQ/ENCFF517FBY.fastq.gz	FASTQ/ENCFF043UGU.fastq.gz	yes
ENCFF154YPK	1	FASTQ/ENCFF154YPK.fastq.gz	FASTQ/ENCFF649TZL.fastq.gz	yes
ENCFF362TMA	1	FASTQ/ENCFF362TMA.fastq.gz	FASTQ/ENCFF975LDB.fastq.gz	yes
ENCFF273KVQ	1	FASTQ/ENCFF273KVQ.fastq.gz	FASTQ/ENCFF751LOM.fastq.gz	yes
ENCFF126ZVT	1	FASTQ/ENCFF126ZVT.fastq.gz	FASTQ/ENCFF518IEU.fastq.gz	yes
ENCFF326ASD	1	FASTQ/ENCFF326ASD.fastq.gz	FASTQ/ENCFF304DSP.fastq.gz	yes
ENCFF409YPZ	1	FASTQ/ENCFF409YPZ.fastq.gz	FASTQ/ENCFF116HMG.fastq.gz	yes
ENCFF455PPZ	1	FASTQ/ENCFF455PPZ.fastq.gz	FASTQ/ENCFF706NVC.fastq.gz	none
ENCFF037GYP	1	FASTQ/ENCFF037GYP.fastq.gz	FASTQ/ENCFF469XWM.fastq.gz	yes
ENCFF893AGN	1	FASTQ/ENCFF893AGN.fastq.gz	FASTQ/ENCFF642KBO.fastq.gz	yes
ENCFF401ZXD	1	FASTQ/ENCFF401ZXD.fastq.gz	FASTQ/ENCFF882JQH.fastq.gz	yes
ENCFF175EBJ	1	FASTQ/ENCFF175EBJ.fastq.gz	FASTQ/ENCFF233OXM.fastq.gz	yes
ENCFF824VKD	1	FASTQ/ENCFF824VKD.fastq.gz	FASTQ/ENCFF964IEU.fastq.gz	yes
ENCFF119BHG	1	FASTQ/ENCFF119BHG.fastq.gz	FASTQ/ENCFF408PSV.fastq.gz	yes
ENCFF108UUK	1	FASTQ/ENCFF108UUK.fastq.gz	FASTQ/ENCFF522HAI.fastq.gz	yes
ENCFF325DLF	1	FASTQ/ENCFF325DLF.fastq.gz	FASTQ/ENCFF616AQI.fastq.gz	yes
ENCFF162LWE	1	FASTQ/ENCFF162LWE.fastq.gz	FASTQ/ENCFF122FYQ.fastq.gz	yes
ENCFF177CKM	1	FASTQ/ENCFF177CKM.fastq.gz	FASTQ/ENCFF143KLH.fastq.gz	yes
ENCFF270BDQ	1	FASTQ/ENCFF270BDQ.fastq.gz	FASTQ/ENCFF694LNT.fastq.gz	none
ENCFF704QKX	1	FASTQ/ENCFF704QKX.fastq.gz	FASTQ/ENCFF016KWX.fastq.gz	yes
ENCFF324SCN	1	FASTQ/ENCFF324SCN.fastq.gz	FASTQ/ENCFF338FLY.fastq.gz	yes
ENCFF432ZMG	1	FASTQ/ENCFF432ZMG.fastq.gz	FASTQ/ENCFF913HPT.fastq.gz	yes
ENCFF945YQN	1	FASTQ/ENCFF945YQN.fastq.gz	FASTQ/ENCFF572YPC.fastq.gz	yes
ENCFF578TWY	1	FASTQ/ENCFF578TWY.fastq.gz	FASTQ/ENCFF338TUE.fastq.gz	yes
ENCFF538ZTF	1	FASTQ/ENCFF538ZTF.fastq.gz	FASTQ/ENCFF783BQE.fastq.gz	yes
ENCFF697HUP	1	FASTQ/ENCFF697HUP.fastq.gz	FASTQ/ENCFF639SIY.fastq.gz	yes
ENCFF590OGG	1	FASTQ/ENCFF590OGG.fastq.gz	FASTQ/ENCFF893CWY.fastq.gz	yes
ENCFF508KBY	1	FASTQ/ENCFF508KBY.fastq.gz	FASTQ/ENCFF864TPH.fastq.gz	yes
ENCFF223HHS	1	FASTQ/ENCFF223HHS.fastq.gz	FASTQ/ENCFF189TUQ.fastq.gz	yes
ENCFF272WFQ	1	FASTQ/ENCFF272WFQ.fastq.gz	FASTQ/ENCFF193FFL.fastq.gz	yes
ENCFF268NFX	1	FASTQ/ENCFF268NFX.fastq.gz	FASTQ/ENCFF636OQE.fastq.gz	yes
ENCFF543NBE	1	FASTQ/ENCFF543NBE.fastq.gz	FASTQ/ENCFF247AMY.fastq.gz	none
ENCFF275CAO	1	FASTQ/ENCFF275CAO.fastq.gz	FASTQ/ENCFF665YCB.fastq.gz	yes
ENCFF976PKZ	1	FASTQ/ENCFF976PKZ.fastq.gz	FASTQ/ENCFF934MFY.fastq.gz	yes
ENCFF179APZ	1	FASTQ/ENCFF179APZ.fastq.gz	FASTQ/ENCFF374KHE.fastq.gz	yes
ENCFF216XSN	1	FASTQ/ENCFF216XSN.fastq.gz	FASTQ/ENCFF056CJO.fastq.gz	yes
ENCFF711NTG	1	FASTQ/ENCFF711NTG.fastq.gz	FASTQ/ENCFF594GXX.fastq.gz	yes
ENCFF267TVR	1	FASTQ/ENCFF267TVR.fastq.gz	FASTQ/ENCFF710LAN.fastq.gz	yes
ENCFF406QLI	1	FASTQ/ENCFF406QLI.fastq.gz	FASTQ/ENCFF212NRX.fastq.gz	yes
ENCFF824PIA	1	FASTQ/ENCFF824PIA.fastq.gz	FASTQ/ENCFF375JQN.fastq.gz	yes
ENCFF002CBD	1	FASTQ/ENCFF002CBD.fastq.gz	FASTQ/ENCFF002CBE.fastq.gz	yes
ENCFF552RBM	1	FASTQ/ENCFF552RBM.fastq.gz	FASTQ/ENCFF755SFS.fastq.gz	yes
ENCFF610JSB	1	FASTQ/ENCFF610JSB.fastq.gz	FASTQ/ENCFF168QLG.fastq.gz	yes
ENCFF280ZKM	1	FASTQ/ENCFF280ZKM.fastq.gz	FASTQ/ENCFF600KMB.fastq.gz	yes
ENCFF488HEY	1	FASTQ/ENCFF488HEY.fastq.gz	FASTQ/ENCFF272SNX.fastq.gz	yes
ENCFF690CJU	1	FASTQ/ENCFF690CJU.fastq.gz	FASTQ/ENCFF696GCJ.fastq.gz	yes
ENCFF558BZK	1	FASTQ/ENCFF558BZK.fastq.gz	FASTQ/ENCFF693OKA.fastq.gz	yes
ENCFF294QPX	1	FASTQ/ENCFF294QPX.fastq.gz	FASTQ/ENCFF378AUD.fastq.gz	yes
ENCFF002UOR	1	FASTQ/ENCFF002UOR.fastq.gz	FASTQ/ENCFF316CCA.fastq.gz	yes
ENCFF396KYT	1	FASTQ/ENCFF396KYT.fastq.gz	FASTQ/ENCFF573HIO.fastq.gz	yes
ENCFF157XYW	1	FASTQ/ENCFF157XYW.fastq.gz	FASTQ/ENCFF109XER.fastq.gz	yes
ENCFF002CBP	1	FASTQ/ENCFF002CBP.fastq.gz	FASTQ/ENCFF002CBQ.fastq.gz	yes
ENCFF375RZP	1	FASTQ/ENCFF375RZP.fastq.gz	FASTQ/ENCFF534IQA.fastq.gz	yes
ENCFF497HLJ	1	FASTQ/ENCFF497HLJ.fastq.gz	FASTQ/ENCFF561NSL.fastq.gz	yes
ENCFF813CCQ	1	FASTQ/ENCFF813CCQ.fastq.gz	FASTQ/ENCFF760ARJ.fastq.gz	yes
ENCFF979PPY	1	FASTQ/ENCFF979PPY.fastq.gz	FASTQ/ENCFF600DCI.fastq.gz	yes
ENCFF012NYF	1	FASTQ/ENCFF012NYF.fastq.gz	FASTQ/ENCFF085AZU.fastq.gz	yes
ENCFF332DED	1	FASTQ/ENCFF332DED.fastq.gz	FASTQ/ENCFF646FUI.fastq.gz	none
ENCFF614MDJ	1	FASTQ/ENCFF614MDJ.fastq.gz	FASTQ/ENCFF944FBA.fastq.gz	yes
ENCFF507ZOO	1	FASTQ/ENCFF507ZOO.fastq.gz	FASTQ/ENCFF256UZO.fastq.gz	yes
ENCFF357UIE	1	FASTQ/ENCFF357UIE.fastq.gz	FASTQ/ENCFF206QPT.fastq.gz	yes
ENCFF732HIC	1	FASTQ/ENCFF732HIC.fastq.gz	FASTQ/ENCFF334MQT.fastq.gz	yes
ENCFF351NXZ	1	FASTQ/ENCFF351NXZ.fastq.gz	FASTQ/ENCFF648XTO.fastq.gz	yes
ENCFF304XCG	1	FASTQ/ENCFF304XCG.fastq.gz	FASTQ/ENCFF627LXX.fastq.gz	yes
ENCFF341DIR	1	FASTQ/ENCFF341DIR.fastq.gz	FASTQ/ENCFF776RAN.fastq.gz	none
ENCFF740IHR	1	FASTQ/ENCFF740IHR.fastq.gz	FASTQ/ENCFF497LEB.fastq.gz	yes
ENCFF499YCP	1	FASTQ/ENCFF499YCP.fastq.gz	FASTQ/ENCFF950IJN.fastq.gz	yes
ENCFF412OOM	1	FASTQ/ENCFF412OOM.fastq.gz	FASTQ/ENCFF617GKY.fastq.gz	none
ENCFF311RPE	1	FASTQ/ENCFF311RPE.fastq.gz	FASTQ/ENCFF025VYH.fastq.gz	yes
ENCFF395NJY	1	FASTQ/ENCFF395NJY.fastq.gz	FASTQ/ENCFF989NPW.fastq.gz	yes
ENCFF196VSU	1	FASTQ/ENCFF196VSU.fastq.gz	FASTQ/ENCFF359MKN.fastq.gz	yes
ENCFF186PXP	1	FASTQ/ENCFF186PXP.fastq.gz	FASTQ/ENCFF949APM.fastq.gz	yes
ENCFF897IJA	1	FASTQ/ENCFF897IJA.fastq.gz	FASTQ/ENCFF613DPG.fastq.gz	yes
ENCFF893RDF	1	FASTQ/ENCFF893RDF.fastq.gz	FASTQ/ENCFF711RAQ.fastq.gz	yes
ENCFF002BYT	1	FASTQ/ENCFF002BYT.fastq.gz	FASTQ/ENCFF002BYU.fastq.gz	yes
ENCFF975YJK	1	FASTQ/ENCFF975YJK.fastq.gz	FASTQ/ENCFF616FIR.fastq.gz	yes
ENCFF686HPW	1	FASTQ/ENCFF686HPW.fastq.gz	FASTQ/ENCFF738RTQ.fastq.gz	yes
ENCFF907VSL	1	FASTQ/ENCFF907VSL.fastq.gz	FASTQ/ENCFF293ZKO.fastq.gz	yes
ENCFF578DXQ	1	FASTQ/ENCFF578DXQ.fastq.gz	FASTQ/ENCFF628SKZ.fastq.gz	yes
ENCFF283WXY	1	FASTQ/ENCFF283WXY.fastq.gz	FASTQ/ENCFF009FQR.fastq.gz	none
ENCFF312FGA	1	FASTQ/ENCFF312FGA.fastq.gz	FASTQ/ENCFF771FXY.fastq.gz	yes
ENCFF238RQR	1	FASTQ/ENCFF238RQR.fastq.gz	FASTQ/ENCFF311WNG.fastq.gz	yes
ENCFF062FPH	1	FASTQ/ENCFF062FPH.fastq.gz	FASTQ/ENCFF036HBQ.fastq.gz	yes
ENCFF183JGZ	1	FASTQ/ENCFF183JGZ.fastq.gz	FASTQ/ENCFF046KFI.fastq.gz	yes
ENCFF652FFP	1	FASTQ/ENCFF652FFP.fastq.gz	FASTQ/ENCFF177ACE.fastq.gz	yes
ENCFF604ATY	1	FASTQ/ENCFF604ATY.fastq.gz	FASTQ/ENCFF687XLY.fastq.gz	none
ENCFF002CBF	1	FASTQ/ENCFF002CBF.fastq.gz	FASTQ/ENCFF002CBG.fastq.gz	yes
ENCFF777RYQ	1	FASTQ/ENCFF777RYQ.fastq.gz	FASTQ/ENCFF657EQL.fastq.gz	yes
ENCFF540YPZ	1	FASTQ/ENCFF540YPZ.fastq.gz	FASTQ/ENCFF589FWV.fastq.gz	yes
ENCFF356IIN	1	FASTQ/ENCFF356IIN.fastq.gz	FASTQ/ENCFF201CLY.fastq.gz	yes
ENCFF312ANF	1	FASTQ/ENCFF312ANF.fastq.gz	FASTQ/ENCFF124WIZ.fastq.gz	yes
ENCFF919KTT	1	FASTQ/ENCFF919KTT.fastq.gz	FASTQ/ENCFF528LYC.fastq.gz	yes
ENCFF988DMQ	1	FASTQ/ENCFF988DMQ.fastq.gz	FASTQ/ENCFF990RVT.fastq.gz	yes
ENCFF255GEL	1	FASTQ/ENCFF255GEL.fastq.gz	FASTQ/ENCFF930LDL.fastq.gz	yes
ENCFF191JPS	1	FASTQ/ENCFF191JPS.fastq.gz	FASTQ/ENCFF964YSU.fastq.gz	yes
ENCFF515DAB	1	FASTQ/ENCFF515DAB.fastq.gz	FASTQ/ENCFF275BLA.fastq.gz	yes
ENCFF361RLP	1	FASTQ/ENCFF361RLP.fastq.gz	FASTQ/ENCFF043VJU.fastq.gz	yes
ENCFF491GQY	1	FASTQ/ENCFF491GQY.fastq.gz	FASTQ/ENCFF578VZZ.fastq.gz	yes
ENCFF002BZT	1	FASTQ/ENCFF002BZT.fastq.gz	FASTQ/ENCFF002BZU.fastq.gz	yes
ENCFF846FDH	1	FASTQ/ENCFF846FDH.fastq.gz	FASTQ/ENCFF616ZQN.fastq.gz	yes
ENCFF103ZTW	1	FASTQ/ENCFF103ZTW.fastq.gz	FASTQ/ENCFF191FIB.fastq.gz	yes
ENCFF368RSP	1	FASTQ/ENCFF368RSP.fastq.gz	FASTQ/ENCFF392EQV.fastq.gz	yes
ENCFF635DCP	1	FASTQ/ENCFF635DCP.fastq.gz	FASTQ/ENCFF870KIO.fastq.gz	yes
ENCFF056UJT	1	FASTQ/ENCFF056UJT.fastq.gz	FASTQ/ENCFF360ZPG.fastq.gz	yes
ENCFF731QIT	1	FASTQ/ENCFF731QIT.fastq.gz	FASTQ/ENCFF741HZT.fastq.gz	yes
ENCFF682EZT	1	FASTQ/ENCFF682EZT.fastq.gz	FASTQ/ENCFF660WJN.fastq.gz	yes
ENCFF405BUU	1	FASTQ/ENCFF405BUU.fastq.gz	FASTQ/ENCFF296KOG.fastq.gz	yes
ENCFF715EHE	1	FASTQ/ENCFF715EHE.fastq.gz	FASTQ/ENCFF026NSC.fastq.gz	yes
ENCFF177UID	1	FASTQ/ENCFF177UID.fastq.gz	FASTQ/ENCFF051UMI.fastq.gz	yes
ENCFF787ODN	1	FASTQ/ENCFF787ODN.fastq.gz	FASTQ/ENCFF891PUC.fastq.gz	none
ENCFF833MRG	1	FASTQ/ENCFF833MRG.fastq.gz	FASTQ/ENCFF904ORW.fastq.gz	none
ENCFF471KTZ	1	FASTQ/ENCFF471KTZ.fastq.gz	FASTQ/ENCFF897YAS.fastq.gz	yes
ENCFF793CAH	1	FASTQ/ENCFF793CAH.fastq.gz	FASTQ/ENCFF894PPR.fastq.gz	yes
ENCFF180KPO	1	FASTQ/ENCFF180KPO.fastq.gz	FASTQ/ENCFF200UFR.fastq.gz	yes
ENCFF531ZNM	1	FASTQ/ENCFF531ZNM.fastq.gz	FASTQ/ENCFF233DRW.fastq.gz	yes
ENCFF522RTK	1	FASTQ/ENCFF522RTK.fastq.gz	FASTQ/ENCFF165QZZ.fastq.gz	yes
ENCFF346ZXG	1	FASTQ/ENCFF346ZXG.fastq.gz	FASTQ/ENCFF701CTE.fastq.gz	yes
ENCFF910EGI	1	FASTQ/ENCFF910EGI.fastq.gz	FASTQ/ENCFF430ZBY.fastq.gz	yes
ENCFF948JBB	1	FASTQ/ENCFF948JBB.fastq.gz	FASTQ/ENCFF787GPF.fastq.gz	yes
ENCFF673LGY	1	FASTQ/ENCFF673LGY.fastq.gz	FASTQ/ENCFF442AYV.fastq.gz	yes
ENCFF273RUL	1	FASTQ/ENCFF273RUL.fastq.gz	FASTQ/ENCFF360LCP.fastq.gz	yes
ENCFF548VUD	1	FASTQ/ENCFF548VUD.fastq.gz	FASTQ/ENCFF818RDZ.fastq.gz	yes
ENCFF828XAK	1	FASTQ/ENCFF828XAK.fastq.gz	FASTQ/ENCFF982WYQ.fastq.gz	yes
ENCFF195DCN	1	FASTQ/ENCFF195DCN.fastq.gz	FASTQ/ENCFF303SBJ.fastq.gz	yes
ENCFF998UXZ	1	FASTQ/ENCFF998UXZ.fastq.gz	FASTQ/ENCFF711XQW.fastq.gz	yes
ENCFF742LEH	1	FASTQ/ENCFF742LEH.fastq.gz	FASTQ/ENCFF411ZAI.fastq.gz	yes
ENCFF766GUZ	1	FASTQ/ENCFF766GUZ.fastq.gz	FASTQ/ENCFF569JDC.fastq.gz	yes
ENCFF938REE	1	FASTQ/ENCFF938REE.fastq.gz	FASTQ/ENCFF164KUZ.fastq.gz	yes
ENCFF999OKL	1	FASTQ/ENCFF999OKL.fastq.gz	FASTQ/ENCFF428FIL.fastq.gz	yes
ENCFF011RMA	1	FASTQ/ENCFF011RMA.fastq.gz	FASTQ/ENCFF720DIJ.fastq.gz	yes
ENCFF541QLM	1	FASTQ/ENCFF541QLM.fastq.gz	FASTQ/ENCFF791QXP.fastq.gz	yes
ENCFF691HLO	1	FASTQ/ENCFF691HLO.fastq.gz	FASTQ/ENCFF084DHZ.fastq.gz	yes
ENCFF615JAK	1	FASTQ/ENCFF615JAK.fastq.gz	FASTQ/ENCFF765WTC.fastq.gz	yes
ENCFF138XVU	1	FASTQ/ENCFF138XVU.fastq.gz	FASTQ/ENCFF619WHQ.fastq.gz	yes
ENCFF184EWI	1	FASTQ/ENCFF184EWI.fastq.gz	FASTQ/ENCFF193CZC.fastq.gz	yes
ENCFF915KRE	1	FASTQ/ENCFF915KRE.fastq.gz	FASTQ/ENCFF274EDD.fastq.gz	yes
ENCFF177FAI	1	FASTQ/ENCFF177FAI.fastq.gz	FASTQ/ENCFF196LWR.fastq.gz	none
ENCFF952VZE	1	FASTQ/ENCFF952VZE.fastq.gz	FASTQ/ENCFF926DZS.fastq.gz	yes
ENCFF436WGB	1	FASTQ/ENCFF436WGB.fastq.gz	FASTQ/ENCFF647VHF.fastq.gz	yes
ENCFF958WDB	1	FASTQ/ENCFF958WDB.fastq.gz	FASTQ/ENCFF932BIG.fastq.gz	yes
ENCFF767DDJ	1	FASTQ/ENCFF767DDJ.fastq.gz	FASTQ/ENCFF632VKY.fastq.gz	yes
ENCFF666VEN	1	FASTQ/ENCFF666VEN.fastq.gz	FASTQ/ENCFF862BYB.fastq.gz	yes
ENCFF461JUR	1	FASTQ/ENCFF461JUR.fastq.gz	FASTQ/ENCFF982RUK.fastq.gz	yes
ENCFF624CYB	1	FASTQ/ENCFF624CYB.fastq.gz	FASTQ/ENCFF562JKQ.fastq.gz	yes
ENCFF085OOT	1	FASTQ/ENCFF085OOT.fastq.gz	FASTQ/ENCFF218FTU.fastq.gz	yes
ENCFF602CDV	1	FASTQ/ENCFF602CDV.fastq.gz	FASTQ/ENCFF978XAG.fastq.gz	yes
ENCFF064AYS	1	FASTQ/ENCFF064AYS.fastq.gz	FASTQ/ENCFF312EMW.fastq.gz	yes
ENCFF687EKG	1	FASTQ/ENCFF687EKG.fastq.gz	FASTQ/ENCFF150JSF.fastq.gz	yes
ENCFF273GWA	1	FASTQ/ENCFF273GWA.fastq.gz	FASTQ/ENCFF062JZD.fastq.gz	yes
ENCFF272QWU	1	FASTQ/ENCFF272QWU.fastq.gz	FASTQ/ENCFF253QAQ.fastq.gz	yes
ENCFF036TJP	1	FASTQ/ENCFF036TJP.fastq.gz	FASTQ/ENCFF936MDY.fastq.gz	yes
ENCFF693JKG	1	FASTQ/ENCFF693JKG.fastq.gz	FASTQ/ENCFF256FBW.fastq.gz	yes
ENCFF977LIR	1	FASTQ/ENCFF977LIR.fastq.gz	FASTQ/ENCFF004MFK.fastq.gz	none
ENCFF224QTF	1	FASTQ/ENCFF224QTF.fastq.gz	FASTQ/ENCFF119BHJ.fastq.gz	yes
ENCFF244GPS	1	FASTQ/ENCFF244GPS.fastq.gz	FASTQ/ENCFF587DIQ.fastq.gz	yes
ENCFF808UZU	1	FASTQ/ENCFF808UZU.fastq.gz	FASTQ/ENCFF307NOS.fastq.gz	yes
ENCFF414CSV	1	FASTQ/ENCFF414CSV.fastq.gz	FASTQ/ENCFF379GSQ.fastq.gz	yes
ENCFF923CVD	1	FASTQ/ENCFF923CVD.fastq.gz	FASTQ/ENCFF812OKM.fastq.gz	yes
ENCFF481MQZ	1	FASTQ/ENCFF481MQZ.fastq.gz	FASTQ/ENCFF530FPX.fastq.gz	yes
ENCFF435LUO	1	FASTQ/ENCFF435LUO.fastq.gz	FASTQ/ENCFF182NGK.fastq.gz	yes
ENCFF988WOT	1	FASTQ/ENCFF988WOT.fastq.gz	FASTQ/ENCFF853NIO.fastq.gz	yes
ENCFF544FKV	1	FASTQ/ENCFF544FKV.fastq.gz	FASTQ/ENCFF690FYM.fastq.gz	yes
ENCFF001ZGD	1	FASTQ/ENCFF001ZGD.fastq.gz	FASTQ/ENCFF001ZGI.fastq.gz	yes
ENCFF757COF	1	FASTQ/ENCFF757COF.fastq.gz	FASTQ/ENCFF837PUC.fastq.gz	yes
ENCFF648GRM	1	FASTQ/ENCFF648GRM.fastq.gz	FASTQ/ENCFF423NQN.fastq.gz	yes
ENCFF818ZRN	1	FASTQ/ENCFF818ZRN.fastq.gz	FASTQ/ENCFF284HWX.fastq.gz	yes
ENCFF599WMX	1	FASTQ/ENCFF599WMX.fastq.gz	FASTQ/ENCFF670SQS.fastq.gz	yes
ENCFF993GUS	1	FASTQ/ENCFF993GUS.fastq.gz	FASTQ/ENCFF679MCW.fastq.gz	yes
ENCFF826RCR	1	FASTQ/ENCFF826RCR.fastq.gz	FASTQ/ENCFF356CGR.fastq.gz	yes
ENCFF891EGO	1	FASTQ/ENCFF891EGO.fastq.gz	FASTQ/ENCFF667EXM.fastq.gz	yes
ENCFF267KXL	1	FASTQ/ENCFF267KXL.fastq.gz	FASTQ/ENCFF903AKL.fastq.gz	yes
ENCFF907CDK	1	FASTQ/ENCFF907CDK.fastq.gz	FASTQ/ENCFF256ODI.fastq.gz	yes
ENCFF111PUR	1	FASTQ/ENCFF111PUR.fastq.gz	FASTQ/ENCFF688AFU.fastq.gz	yes
ENCFF011SMR	1	FASTQ/ENCFF011SMR.fastq.gz	FASTQ/ENCFF317GTG.fastq.gz	yes
ENCFF713NLI	1	FASTQ/ENCFF713NLI.fastq.gz	FASTQ/ENCFF885FZS.fastq.gz	yes
ENCFF886YHH	1	FASTQ/ENCFF886YHH.fastq.gz	FASTQ/ENCFF963ZLK.fastq.gz	yes
ENCFF573XLA	1	FASTQ/ENCFF573XLA.fastq.gz	FASTQ/ENCFF074SVD.fastq.gz	yes
ENCFF942RFB	1	FASTQ/ENCFF942RFB.fastq.gz	FASTQ/ENCFF913LND.fastq.gz	yes
ENCFF801CGH	1	FASTQ/ENCFF801CGH.fastq.gz	FASTQ/ENCFF109YMT.fastq.gz	yes
ENCFF661WGF	1	FASTQ/ENCFF661WGF.fastq.gz	FASTQ/ENCFF999GET.fastq.gz	yes
ENCFF043TEG	1	FASTQ/ENCFF043TEG.fastq.gz	FASTQ/ENCFF200VYJ.fastq.gz	yes
ENCFF283YWL	1	FASTQ/ENCFF283YWL.fastq.gz	FASTQ/ENCFF747UTI.fastq.gz	none
ENCFF525YRL	1	FASTQ/ENCFF525YRL.fastq.gz	FASTQ/ENCFF043BCI.fastq.gz	yes
ENCFF472XFX	1	FASTQ/ENCFF472XFX.fastq.gz	FASTQ/ENCFF305DES.fastq.gz	yes
ENCFF721KDE	1	FASTQ/ENCFF721KDE.fastq.gz	FASTQ/ENCFF488JSY.fastq.gz	yes
ENCFF292ROU	1	FASTQ/ENCFF292ROU.fastq.gz	FASTQ/ENCFF241HLR.fastq.gz	yes
ENCFF833EAW	1	FASTQ/ENCFF833EAW.fastq.gz	FASTQ/ENCFF879VXM.fastq.gz	yes
ENCFF026VNR	1	FASTQ/ENCFF026VNR.fastq.gz	FASTQ/ENCFF443IPN.fastq.gz	yes
ENCFF995IGE	1	FASTQ/ENCFF995IGE.fastq.gz	FASTQ/ENCFF578LSJ.fastq.gz	none
ENCFF032JQZ	1	FASTQ/ENCFF032JQZ.fastq.gz	FASTQ/ENCFF191JJU.fastq.gz	yes
ENCFF388DYX	1	FASTQ/ENCFF388DYX.fastq.gz	FASTQ/ENCFF478TQB.fastq.gz	yes
ENCFF002CBR	1	FASTQ/ENCFF002CBR.fastq.gz	FASTQ/ENCFF002CBS.fastq.gz	yes
ENCFF333TBJ	1	FASTQ/ENCFF333TBJ.fastq.gz	FASTQ/ENCFF761TJL.fastq.gz	yes
ENCFF474WTL	1	FASTQ/ENCFF474WTL.fastq.gz	FASTQ/ENCFF680XKT.fastq.gz	yes
ENCFF931KYD	1	FASTQ/ENCFF931KYD.fastq.gz	FASTQ/ENCFF108ABJ.fastq.gz	yes
ENCFF407LRS	1	FASTQ/ENCFF407LRS.fastq.gz	FASTQ/ENCFF123TKQ.fastq.gz	yes
ENCFF261ZCZ	1	FASTQ/ENCFF261ZCZ.fastq.gz	FASTQ/ENCFF574DCO.fastq.gz	yes
ENCFF740MXN	1	FASTQ/ENCFF740MXN.fastq.gz	FASTQ/ENCFF231SOE.fastq.gz	yes
ENCFF878WHV	1	FASTQ/ENCFF878WHV.fastq.gz	FASTQ/ENCFF134NCC.fastq.gz	yes
ENCFF288NBO	1	FASTQ/ENCFF288NBO.fastq.gz	FASTQ/ENCFF126FJI.fastq.gz	yes
ENCFF321LQW	1	FASTQ/ENCFF321LQW.fastq.gz	FASTQ/ENCFF824NZY.fastq.gz	yes
ENCFF631VKJ	1	FASTQ/ENCFF631VKJ.fastq.gz	FASTQ/ENCFF472AIM.fastq.gz	yes
ENCFF998DSY	1	FASTQ/ENCFF998DSY.fastq.gz	FASTQ/ENCFF828FHF.fastq.gz	yes
ENCFF280HQF	1	FASTQ/ENCFF280HQF.fastq.gz	FASTQ/ENCFF575HWB.fastq.gz	yes
ENCFF018KOA	1	FASTQ/ENCFF018KOA.fastq.gz	FASTQ/ENCFF018IPL.fastq.gz	yes
ENCFF317BIK	1	FASTQ/ENCFF317BIK.fastq.gz	FASTQ/ENCFF448SHE.fastq.gz	yes
ENCFF258ZRG	1	FASTQ/ENCFF258ZRG.fastq.gz	FASTQ/ENCFF275JTF.fastq.gz	yes
ENCFF781HCE	1	FASTQ/ENCFF781HCE.fastq.gz	FASTQ/ENCFF121QGM.fastq.gz	yes
ENCFF605VXW	1	FASTQ/ENCFF605VXW.fastq.gz	FASTQ/ENCFF913ZEI.fastq.gz	yes
ENCFF748SUN	1	FASTQ/ENCFF748SUN.fastq.gz	FASTQ/ENCFF721LCE.fastq.gz	yes
ENCFF002CAH	1	FASTQ/ENCFF002CAH.fastq.gz	FASTQ/ENCFF002CAI.fastq.gz	yes
ENCFF994PGX	1	FASTQ/ENCFF994PGX.fastq.gz	FASTQ/ENCFF122UFL.fastq.gz	yes
ENCFF946UUY	1	FASTQ/ENCFF946UUY.fastq.gz	FASTQ/ENCFF691EYK.fastq.gz	yes
ENCFF108UVC	1	FASTQ/ENCFF108UVC.fastq.gz	FASTQ/ENCFF123LMD.fastq.gz	yes
ENCFF640OLN	1	FASTQ/ENCFF640OLN.fastq.gz	FASTQ/ENCFF637CYG.fastq.gz	yes
ENCFF002BUG	1	FASTQ/ENCFF002BUG.fastq.gz	FASTQ/ENCFF002BUH.fastq.gz	yes
ENCFF387OIP	1	FASTQ/ENCFF387OIP.fastq.gz	FASTQ/ENCFF864OJU.fastq.gz	yes
ENCFF846HDA	1	FASTQ/ENCFF846HDA.fastq.gz	FASTQ/ENCFF633SGL.fastq.gz	yes
ENCFF843EUD	1	FASTQ/ENCFF843EUD.fastq.gz	FASTQ/ENCFF503KUM.fastq.gz	yes
ENCFF739XYN	1	FASTQ/ENCFF739XYN.fastq.gz	FASTQ/ENCFF074NKA.fastq.gz	yes
ENCFF877ELN	1	FASTQ/ENCFF877ELN.fastq.gz	FASTQ/ENCFF938GRX.fastq.gz	yes
ENCFF921UTY	1	FASTQ/ENCFF921UTY.fastq.gz	FASTQ/ENCFF869KEG.fastq.gz	yes
ENCFF002CBB	1	FASTQ/ENCFF002CBB.fastq.gz	FASTQ/ENCFF002CBC.fastq.gz	yes
ENCFF998CGM	1	FASTQ/ENCFF998CGM.fastq.gz	FASTQ/ENCFF399PPE.fastq.gz	yes
ENCFF552VOE	1	FASTQ/ENCFF552VOE.fastq.gz	FASTQ/ENCFF100IFZ.fastq.gz	yes
ENCFF746QLB	1	FASTQ/ENCFF746QLB.fastq.gz	FASTQ/ENCFF566MPK.fastq.gz	yes
ENCFF702UDY	1	FASTQ/ENCFF702UDY.fastq.gz	FASTQ/ENCFF689XVP.fastq.gz	yes
ENCFF210THQ	1	FASTQ/ENCFF210THQ.fastq.gz	FASTQ/ENCFF930QYJ.fastq.gz	yes
ENCFF790YDV	1	FASTQ/ENCFF790YDV.fastq.gz	FASTQ/ENCFF451OPE.fastq.gz	yes
ENCFF201DID	1	FASTQ/ENCFF201DID.fastq.gz	FASTQ/ENCFF828RJB.fastq.gz	yes
ENCFF531FDU	1	FASTQ/ENCFF531FDU.fastq.gz	FASTQ/ENCFF395GPY.fastq.gz	yes
ENCFF573OBT	1	FASTQ/ENCFF573OBT.fastq.gz	FASTQ/ENCFF972LAV.fastq.gz	yes
ENCFF167BKF	1	FASTQ/ENCFF167BKF.fastq.gz	FASTQ/ENCFF609VED.fastq.gz	yes
ENCFF002BZH	1	FASTQ/ENCFF002BZH.fastq.gz	FASTQ/ENCFF002BZI.fastq.gz	yes
ENCFF565DLY	1	FASTQ/ENCFF565DLY.fastq.gz	FASTQ/ENCFF455LAT.fastq.gz	yes
ENCFF397ESG	1	FASTQ/ENCFF397ESG.fastq.gz	FASTQ/ENCFF686EYV.fastq.gz	none
ENCFF667PNW	1	FASTQ/ENCFF667PNW.fastq.gz	FASTQ/ENCFF037UWR.fastq.gz	yes
ENCFF521PWU	1	FASTQ/ENCFF521PWU.fastq.gz	FASTQ/ENCFF934BDQ.fastq.gz	yes
ENCFF378KNS	1	FASTQ/ENCFF378KNS.fastq.gz	FASTQ/ENCFF467IYJ.fastq.gz	yes
ENCFF541HLQ	1	FASTQ/ENCFF541HLQ.fastq.gz	FASTQ/ENCFF855NHU.fastq.gz	yes
ENCFF896PNO	1	FASTQ/ENCFF896PNO.fastq.gz	FASTQ/ENCFF330UXF.fastq.gz	yes
ENCFF607BPS	1	FASTQ/ENCFF607BPS.fastq.gz	FASTQ/ENCFF232BDX.fastq.gz	yes
ENCFF523KNZ	1	FASTQ/ENCFF523KNZ.fastq.gz	FASTQ/ENCFF927KFU.fastq.gz	yes
ENCFF150HWI	1	FASTQ/ENCFF150HWI.fastq.gz	FASTQ/ENCFF290TFQ.fastq.gz	yes
ENCFF265BEQ	1	FASTQ/ENCFF265BEQ.fastq.gz	FASTQ/ENCFF401UVJ.fastq.gz	none
ENCFF122VPY	1	FASTQ/ENCFF122VPY.fastq.gz	FASTQ/ENCFF888IWE.fastq.gz	yes
ENCFF840BKE	1	FASTQ/ENCFF840BKE.fastq.gz	FASTQ/ENCFF910OAA.fastq.gz	yes
ENCFF631NHC	1	FASTQ/ENCFF631NHC.fastq.gz	FASTQ/ENCFF079KRI.fastq.gz	yes
ENCFF444CBA	1	FASTQ/ENCFF444CBA.fastq.gz	FASTQ/ENCFF261NES.fastq.gz	yes
ENCFF143QVA	1	FASTQ/ENCFF143QVA.fastq.gz	FASTQ/ENCFF794KGE.fastq.gz	yes
ENCFF194USN	1	FASTQ/ENCFF194USN.fastq.gz	FASTQ/ENCFF378XSA.fastq.gz	yes
ENCFF825DLG	1	FASTQ/ENCFF825DLG.fastq.gz	FASTQ/ENCFF823ZLQ.fastq.gz	yes
ENCFF040CTS	1	FASTQ/ENCFF040CTS.fastq.gz	FASTQ/ENCFF435HLB.fastq.gz	yes
ENCFF438WRF	1	FASTQ/ENCFF438WRF.fastq.gz	FASTQ/ENCFF423HGY.fastq.gz	yes
ENCFF260OQB	1	FASTQ/ENCFF260OQB.fastq.gz	FASTQ/ENCFF192HKM.fastq.gz	none
ENCFF247BRR	1	FASTQ/ENCFF247BRR.fastq.gz	FASTQ/ENCFF264VUF.fastq.gz	yes
ENCFF447KSW	1	FASTQ/ENCFF447KSW.fastq.gz	FASTQ/ENCFF111AWS.fastq.gz	yes
ENCFF891FZS	1	FASTQ/ENCFF891FZS.fastq.gz	FASTQ/ENCFF664VXC.fastq.gz	yes
ENCFF417IYO	1	FASTQ/ENCFF417IYO.fastq.gz	FASTQ/ENCFF122ATQ.fastq.gz	none
ENCFF105TFE	1	FASTQ/ENCFF105TFE.fastq.gz	FASTQ/ENCFF722JVG.fastq.gz	yes
ENCFF520YFE	1	FASTQ/ENCFF520YFE.fastq.gz	FASTQ/ENCFF540UNK.fastq.gz	yes
ENCFF425EBC	1	FASTQ/ENCFF425EBC.fastq.gz	FASTQ/ENCFF486ESG.fastq.gz	yes
ENCFF815QDH	1	FASTQ/ENCFF815QDH.fastq.gz	FASTQ/ENCFF893KFG.fastq.gz	yes
ENCFF134XDZ	1	FASTQ/ENCFF134XDZ.fastq.gz	FASTQ/ENCFF289EBA.fastq.gz	yes
ENCFF403CZA	1	FASTQ/ENCFF403CZA.fastq.gz	FASTQ/ENCFF278TEH.fastq.gz	yes
ENCFF258QNY	1	FASTQ/ENCFF258QNY.fastq.gz	FASTQ/ENCFF908EML.fastq.gz	yes
ENCFF391JLK	1	FASTQ/ENCFF391JLK.fastq.gz	FASTQ/ENCFF848IED.fastq.gz	none
ENCFF750WBF	1	FASTQ/ENCFF750WBF.fastq.gz	FASTQ/ENCFF051SXX.fastq.gz	yes
ENCFF601DMJ	1	FASTQ/ENCFF601DMJ.fastq.gz	FASTQ/ENCFF317XFU.fastq.gz	yes
ENCFF430FYR	1	FASTQ/ENCFF430FYR.fastq.gz	FASTQ/ENCFF733UKJ.fastq.gz	yes
ENCFF123VQY	1	FASTQ/ENCFF123VQY.fastq.gz	FASTQ/ENCFF031GRZ.fastq.gz	yes
ENCFF845QQB	1	FASTQ/ENCFF845QQB.fastq.gz	FASTQ/ENCFF034YJI.fastq.gz	yes
ENCFF309DSM	1	FASTQ/ENCFF309DSM.fastq.gz	FASTQ/ENCFF212IXF.fastq.gz	yes
ENCFF782MIU	1	FASTQ/ENCFF782MIU.fastq.gz	FASTQ/ENCFF089IIX.fastq.gz	yes
ENCFF681TYJ	1	FASTQ/ENCFF681TYJ.fastq.gz	FASTQ/ENCFF839ISD.fastq.gz	yes
ENCFF025YLM	1	FASTQ/ENCFF025YLM.fastq.gz	FASTQ/ENCFF697WWV.fastq.gz	yes
ENCFF291SQT	1	FASTQ/ENCFF291SQT.fastq.gz	FASTQ/ENCFF225QRN.fastq.gz	yes
ENCFF993RFY	1	FASTQ/ENCFF993RFY.fastq.gz	FASTQ/ENCFF881XAZ.fastq.gz	yes
ENCFF889JXP	1	FASTQ/ENCFF889JXP.fastq.gz	FASTQ/ENCFF152PWD.fastq.gz	yes
ENCFF232RVX	1	FASTQ/ENCFF232RVX.fastq.gz	FASTQ/ENCFF238SIB.fastq.gz	yes
ENCFF800JQI	1	FASTQ/ENCFF800JQI.fastq.gz	FASTQ/ENCFF410JCQ.fastq.gz	yes
ENCFF835GXJ	1	FASTQ/ENCFF835GXJ.fastq.gz	FASTQ/ENCFF804VKH.fastq.gz	yes
ENCFF484NIT	1	FASTQ/ENCFF484NIT.fastq.gz	FASTQ/ENCFF895XAK.fastq.gz	yes
ENCFF876MMB	1	FASTQ/ENCFF876MMB.fastq.gz	FASTQ/ENCFF818XBZ.fastq.gz	yes
ENCFF433AVB	1	FASTQ/ENCFF433AVB.fastq.gz	FASTQ/ENCFF093YUX.fastq.gz	yes
ENCFF001ZGF	1	FASTQ/ENCFF001ZGF.fastq.gz	FASTQ/ENCFF001ZGJ.fastq.gz	yes
ENCFF591BUQ	1	FASTQ/ENCFF591BUQ.fastq.gz	FASTQ/ENCFF174WIP.fastq.gz	none
ENCFF516OTK	1	FASTQ/ENCFF516OTK.fastq.gz	FASTQ/ENCFF019NHF.fastq.gz	yes
ENCFF271YDX	1	FASTQ/ENCFF271YDX.fastq.gz	FASTQ/ENCFF351BDU.fastq.gz	yes
ENCFF531GGR	1	FASTQ/ENCFF531GGR.fastq.gz	FASTQ/ENCFF812EPK.fastq.gz	yes
ENCFF052IYR	1	FASTQ/ENCFF052IYR.fastq.gz	FASTQ/ENCFF335MQE.fastq.gz	yes
ENCFF092VKU	1	FASTQ/ENCFF092VKU.fastq.gz	FASTQ/ENCFF458TZY.fastq.gz	yes
ENCFF551MVW	1	FASTQ/ENCFF551MVW.fastq.gz	FASTQ/ENCFF278ILV.fastq.gz	yes
ENCFF914FKR	1	FASTQ/ENCFF914FKR.fastq.gz	FASTQ/ENCFF838TBG.fastq.gz	yes
ENCFF927OEA	1	FASTQ/ENCFF927OEA.fastq.gz	FASTQ/ENCFF540JXJ.fastq.gz	yes
ENCFF361CFU	1	FASTQ/ENCFF361CFU.fastq.gz	FASTQ/ENCFF147BWT.fastq.gz	yes
ENCFF210ODS	1	FASTQ/ENCFF210ODS.fastq.gz	FASTQ/ENCFF813XIG.fastq.gz	yes
ENCFF827AVT	1	FASTQ/ENCFF827AVT.fastq.gz	FASTQ/ENCFF215ISD.fastq.gz	yes
ENCFF923XEM	1	FASTQ/ENCFF923XEM.fastq.gz	FASTQ/ENCFF836BRY.fastq.gz	yes
ENCFF426VUQ	1	FASTQ/ENCFF426VUQ.fastq.gz	FASTQ/ENCFF367RLX.fastq.gz	yes
ENCFF259LFX	1	FASTQ/ENCFF259LFX.fastq.gz	FASTQ/ENCFF624OJV.fastq.gz	yes
ENCFF510FRX	1	FASTQ/ENCFF510FRX.fastq.gz	FASTQ/ENCFF409JQD.fastq.gz	yes
ENCFF695JZD	1	FASTQ/ENCFF695JZD.fastq.gz	FASTQ/ENCFF035GSF.fastq.gz	yes
ENCFF661CVY	1	FASTQ/ENCFF661CVY.fastq.gz	FASTQ/ENCFF914DSS.fastq.gz	yes
ENCFF970XPJ	1	FASTQ/ENCFF970XPJ.fastq.gz	FASTQ/ENCFF295GVT.fastq.gz	yes
ENCFF001ZGA	1	FASTQ/ENCFF001ZGA.fastq.gz	FASTQ/ENCFF001ZGH.fastq.gz	yes
ENCFF308NNN	1	FASTQ/ENCFF308NNN.fastq.gz	FASTQ/ENCFF987PKL.fastq.gz	yes
ENCFF907GMX	1	FASTQ/ENCFF907GMX.fastq.gz	FASTQ/ENCFF528ELC.fastq.gz	yes
ENCFF812YPN	1	FASTQ/ENCFF812YPN.fastq.gz	FASTQ/ENCFF129QEQ.fastq.gz	yes
ENCFF399RNY	1	FASTQ/ENCFF399RNY.fastq.gz	FASTQ/ENCFF964LLJ.fastq.gz	yes
ENCFF325VMJ	1	FASTQ/ENCFF325VMJ.fastq.gz	FASTQ/ENCFF818PGA.fastq.gz	yes
ENCFF876MHP	1	FASTQ/ENCFF876MHP.fastq.gz	FASTQ/ENCFF876AJW.fastq.gz	yes
ENCFF273HGG	1	FASTQ/ENCFF273HGG.fastq.gz	FASTQ/ENCFF427SJZ.fastq.gz	yes
ENCFF212RVY	1	FASTQ/ENCFF212RVY.fastq.gz	FASTQ/ENCFF438PPS.fastq.gz	yes
ENCFF597AES	1	FASTQ/ENCFF597AES.fastq.gz	FASTQ/ENCFF604CLV.fastq.gz	yes
ENCFF091CHI	1	FASTQ/ENCFF091CHI.fastq.gz	FASTQ/ENCFF413BNF.fastq.gz	yes
ENCFF749DKA	1	FASTQ/ENCFF749DKA.fastq.gz	FASTQ/ENCFF299KPW.fastq.gz	yes
ENCFF657PGJ	1	FASTQ/ENCFF657PGJ.fastq.gz	FASTQ/ENCFF520UPZ.fastq.gz	none
ENCFF944CSS	1	FASTQ/ENCFF944CSS.fastq.gz	FASTQ/ENCFF158TUE.fastq.gz	yes
ENCFF026IDF	1	FASTQ/ENCFF026IDF.fastq.gz	FASTQ/ENCFF912NWF.fastq.gz	yes
ENCFF525ZEB	1	FASTQ/ENCFF525ZEB.fastq.gz	FASTQ/ENCFF579COJ.fastq.gz	yes
ENCFF832JZQ	1	FASTQ/ENCFF832JZQ.fastq.gz	FASTQ/ENCFF975IBI.fastq.gz	yes
ENCFF229VBF	1	FASTQ/ENCFF229VBF.fastq.gz	FASTQ/ENCFF178MWG.fastq.gz	yes
ENCFF336OME	1	FASTQ/ENCFF336OME.fastq.gz	FASTQ/ENCFF440YFG.fastq.gz	yes
ENCFF353TSR	1	FASTQ/ENCFF353TSR.fastq.gz	FASTQ/ENCFF237PYU.fastq.gz	yes
ENCFF097SNN	1	FASTQ/ENCFF097SNN.fastq.gz	FASTQ/ENCFF168XIN.fastq.gz	yes
ENCFF798YGI	1	FASTQ/ENCFF798YGI.fastq.gz	FASTQ/ENCFF874FUL.fastq.gz	yes
ENCFF648ZMK	1	FASTQ/ENCFF648ZMK.fastq.gz	FASTQ/ENCFF665XYO.fastq.gz	yes
ENCFF715FJL	1	FASTQ/ENCFF715FJL.fastq.gz	FASTQ/ENCFF552XHQ.fastq.gz	yes
ENCFF961CLP	1	FASTQ/ENCFF961CLP.fastq.gz	FASTQ/ENCFF461GAS.fastq.gz	yes
ENCFF704MDH	1	FASTQ/ENCFF704MDH.fastq.gz	FASTQ/ENCFF305QYC.fastq.gz	yes
ENCFF133KFL	1	FASTQ/ENCFF133KFL.fastq.gz	FASTQ/ENCFF963BLJ.fastq.gz	yes
ENCFF657TEH	1	FASTQ/ENCFF657TEH.fastq.gz	FASTQ/ENCFF482OXE.fastq.gz	yes
ENCFF903CON	1	FASTQ/ENCFF903CON.fastq.gz	FASTQ/ENCFF950FRN.fastq.gz	yes
ENCFF002BYX	1	FASTQ/ENCFF002BYX.fastq.gz	FASTQ/ENCFF002BYY.fastq.gz	yes
ENCFF713LEC	1	FASTQ/ENCFF713LEC.fastq.gz	FASTQ/ENCFF437XGL.fastq.gz	yes
ENCFF765UCN	1	FASTQ/ENCFF765UCN.fastq.gz	FASTQ/ENCFF506RQT.fastq.gz	yes
ENCFF240ANK	1	FASTQ/ENCFF240ANK.fastq.gz	FASTQ/ENCFF783KPS.fastq.gz	yes
ENCFF030TOO	1	FASTQ/ENCFF030TOO.fastq.gz	FASTQ/ENCFF585QQZ.fastq.gz	yes
ENCFF195LHK	1	FASTQ/ENCFF195LHK.fastq.gz	FASTQ/ENCFF449PCH.fastq.gz	yes
ENCFF837DEU	1	FASTQ/ENCFF837DEU.fastq.gz	FASTQ/ENCFF550ZPI.fastq.gz	none
ENCFF696TBG	1	FASTQ/ENCFF696TBG.fastq.gz	FASTQ/ENCFF545KAF.fastq.gz	yes
ENCFF223PAF	1	FASTQ/ENCFF223PAF.fastq.gz	FASTQ/ENCFF550GUE.fastq.gz	yes
ENCFF478DNB	1	FASTQ/ENCFF478DNB.fastq.gz	FASTQ/ENCFF421LJW.fastq.gz	yes
ENCFF701KJC	1	FASTQ/ENCFF701KJC.fastq.gz	FASTQ/ENCFF603JIF.fastq.gz	yes
ENCFF310RTV	1	FASTQ/ENCFF310RTV.fastq.gz	FASTQ/ENCFF675EKC.fastq.gz	none
ENCFF332XYA	1	FASTQ/ENCFF332XYA.fastq.gz	FASTQ/ENCFF367RQM.fastq.gz	yes
ENCFF439JJL	1	FASTQ/ENCFF439JJL.fastq.gz	FASTQ/ENCFF423BGO.fastq.gz	yes
ENCFF297XUD	1	FASTQ/ENCFF297XUD.fastq.gz	FASTQ/ENCFF387PGU.fastq.gz	yes
ENCFF235FRZ	1	FASTQ/ENCFF235FRZ.fastq.gz	FASTQ/ENCFF026PLZ.fastq.gz	yes
ENCFF233IUZ	1	FASTQ/ENCFF233IUZ.fastq.gz	FASTQ/ENCFF966FZW.fastq.gz	yes
ENCFF879ZES	1	FASTQ/ENCFF879ZES.fastq.gz	FASTQ/ENCFF812KAI.fastq.gz	yes
ENCFF390SHS	1	FASTQ/ENCFF390SHS.fastq.gz	FASTQ/ENCFF026IRI.fastq.gz	yes
ENCFF663YGQ	1	FASTQ/ENCFF663YGQ.fastq.gz	FASTQ/ENCFF071HGB.fastq.gz	yes
ENCFF068IJE	1	FASTQ/ENCFF068IJE.fastq.gz	FASTQ/ENCFF770ZXB.fastq.gz	yes
ENCFF969CDG	1	FASTQ/ENCFF969CDG.fastq.gz	FASTQ/ENCFF366DGT.fastq.gz	yes
ENCFF514ZSK	1	FASTQ/ENCFF514ZSK.fastq.gz	FASTQ/ENCFF783SQS.fastq.gz	yes
ENCFF211BVG	1	FASTQ/ENCFF211BVG.fastq.gz	FASTQ/ENCFF054WCD.fastq.gz	yes
ENCFF844LYQ	1	FASTQ/ENCFF844LYQ.fastq.gz	FASTQ/ENCFF336JBQ.fastq.gz	yes
ENCFF094WZU	1	FASTQ/ENCFF094WZU.fastq.gz	FASTQ/ENCFF434WFA.fastq.gz	yes
ENCFF763GZO	1	FASTQ/ENCFF763GZO.fastq.gz	FASTQ/ENCFF647QUX.fastq.gz	yes
ENCFF061UWY	1	FASTQ/ENCFF061UWY.fastq.gz	FASTQ/ENCFF655RIO.fastq.gz	yes
ENCFF935KKV	1	FASTQ/ENCFF935KKV.fastq.gz	FASTQ/ENCFF690HZR.fastq.gz	yes
ENCFF002CAV	1	FASTQ/ENCFF002CAV.fastq.gz	FASTQ/ENCFF002CAW.fastq.gz	yes
ENCFF879JZQ	1	FASTQ/ENCFF879JZQ.fastq.gz	FASTQ/ENCFF163EEW.fastq.gz	yes
ENCFF656CUM	1	FASTQ/ENCFF656CUM.fastq.gz	FASTQ/ENCFF065SGA.fastq.gz	yes
ENCFF682EBX	1	FASTQ/ENCFF682EBX.fastq.gz	FASTQ/ENCFF801LSJ.fastq.gz	yes
ENCFF635IHA	1	FASTQ/ENCFF635IHA.fastq.gz	FASTQ/ENCFF837DMD.fastq.gz	yes
ENCFF565XPN	1	FASTQ/ENCFF565XPN.fastq.gz	FASTQ/ENCFF196OEK.fastq.gz	yes
ENCFF474OSW	1	FASTQ/ENCFF474OSW.fastq.gz	FASTQ/ENCFF492IOZ.fastq.gz	yes
ENCFF577EOK	1	FASTQ/ENCFF577EOK.fastq.gz	FASTQ/ENCFF241DHX.fastq.gz	yes
ENCFF355MPA	1	FASTQ/ENCFF355MPA.fastq.gz	FASTQ/ENCFF422QVT.fastq.gz	yes
ENCFF532FZD	1	FASTQ/ENCFF532FZD.fastq.gz	FASTQ/ENCFF622ZJZ.fastq.gz	yes
ENCFF571NAA	1	FASTQ/ENCFF571NAA.fastq.gz	FASTQ/ENCFF429KUX.fastq.gz	yes
ENCFF801TRT	1	FASTQ/ENCFF801TRT.fastq.gz	FASTQ/ENCFF686WWE.fastq.gz	yes
ENCFF756UPV	1	FASTQ/ENCFF756UPV.fastq.gz	FASTQ/ENCFF337CYW.fastq.gz	yes
ENCFF513YBI	1	FASTQ/ENCFF513YBI.fastq.gz	FASTQ/ENCFF239VZF.fastq.gz	yes
ENCFF309PWM	1	FASTQ/ENCFF309PWM.fastq.gz	FASTQ/ENCFF904VNO.fastq.gz	yes
ENCFF404ZQZ	1	FASTQ/ENCFF404ZQZ.fastq.gz	FASTQ/ENCFF276MLG.fastq.gz	none
ENCFF667DSW	1	FASTQ/ENCFF667DSW.fastq.gz	FASTQ/ENCFF963KVV.fastq.gz	yes
ENCFF565LQE	1	FASTQ/ENCFF565LQE.fastq.gz	FASTQ/ENCFF983CTL.fastq.gz	yes
ENCFF241PSY	1	FASTQ/ENCFF241PSY.fastq.gz	FASTQ/ENCFF448MSH.fastq.gz	yes
ENCFF002BTY	1	FASTQ/ENCFF002BTY.fastq.gz	FASTQ/ENCFF002BTZ.fastq.gz	yes
ENCFF196UCW	1	FASTQ/ENCFF196UCW.fastq.gz	FASTQ/ENCFF436ELI.fastq.gz	yes
ENCFF282INV	1	FASTQ/ENCFF282INV.fastq.gz	FASTQ/ENCFF341IGR.fastq.gz	yes
ENCFF044BTK	1	FASTQ/ENCFF044BTK.fastq.gz	FASTQ/ENCFF958CDC.fastq.gz	yes
ENCFF944JKZ	1	FASTQ/ENCFF944JKZ.fastq.gz	FASTQ/ENCFF815OVM.fastq.gz	yes
ENCFF313ICC	1	FASTQ/ENCFF313ICC.fastq.gz	FASTQ/ENCFF172GTQ.fastq.gz	yes
ENCFF279MDC	1	FASTQ/ENCFF279MDC.fastq.gz	FASTQ/ENCFF742FRP.fastq.gz	yes
ENCFF992VRQ	1	FASTQ/ENCFF992VRQ.fastq.gz	FASTQ/ENCFF008LRD.fastq.gz	yes
ENCFF430MDC	1	FASTQ/ENCFF430MDC.fastq.gz	FASTQ/ENCFF549TIA.fastq.gz	yes
ENCFF160WAF	1	FASTQ/ENCFF160WAF.fastq.gz	FASTQ/ENCFF682YLE.fastq.gz	yes
ENCFF933QDD	1	FASTQ/ENCFF933QDD.fastq.gz	FASTQ/ENCFF334BJT.fastq.gz	yes
ENCFF657QGK	1	FASTQ/ENCFF657QGK.fastq.gz	FASTQ/ENCFF269LWS.fastq.gz	yes
ENCFF936LFG	1	FASTQ/ENCFF936LFG.fastq.gz	FASTQ/ENCFF669IVD.fastq.gz	yes
ENCFF814HNO	1	FASTQ/ENCFF814HNO.fastq.gz	FASTQ/ENCFF435WBC.fastq.gz	yes
ENCFF226VRJ	1	FASTQ/ENCFF226VRJ.fastq.gz	FASTQ/ENCFF828KDR.fastq.gz	yes
ENCFF512QIR	1	FASTQ/ENCFF512QIR.fastq.gz	FASTQ/ENCFF816KYC.fastq.gz	yes
ENCFF796SHO	1	FASTQ/ENCFF796SHO.fastq.gz	FASTQ/ENCFF107HUY.fastq.gz	yes
ENCFF719MPH	1	FASTQ/ENCFF719MPH.fastq.gz	FASTQ/ENCFF552MNU.fastq.gz	yes
ENCFF613PBX	1	FASTQ/ENCFF613PBX.fastq.gz	FASTQ/ENCFF406NEV.fastq.gz	yes
ENCFF592DKQ	1	FASTQ/ENCFF592DKQ.fastq.gz	FASTQ/ENCFF289PQM.fastq.gz	yes
ENCFF510WUR	1	FASTQ/ENCFF510WUR.fastq.gz	FASTQ/ENCFF752GNB.fastq.gz	yes
ENCFF003NIO	1	FASTQ/ENCFF003NIO.fastq.gz	FASTQ/ENCFF266LRB.fastq.gz	yes
ENCFF804EYQ	1	FASTQ/ENCFF804EYQ.fastq.gz	FASTQ/ENCFF140PVV.fastq.gz	yes
ENCFF012BUA	1	FASTQ/ENCFF012BUA.fastq.gz	FASTQ/ENCFF325REU.fastq.gz	yes
ENCFF024ENI	1	FASTQ/ENCFF024ENI.fastq.gz	FASTQ/ENCFF834RFI.fastq.gz	yes
ENCFF138BDU	1	FASTQ/ENCFF138BDU.fastq.gz	FASTQ/ENCFF690FNB.fastq.gz	yes
ENCFF873TWM	1	FASTQ/ENCFF873TWM.fastq.gz	FASTQ/ENCFF903GYZ.fastq.gz	yes
ENCFF482KJP	1	FASTQ/ENCFF482KJP.fastq.gz	FASTQ/ENCFF518BUH.fastq.gz	yes
ENCFF485AVX	1	FASTQ/ENCFF485AVX.fastq.gz	FASTQ/ENCFF097YET.fastq.gz	yes
ENCFF664MUY	1	FASTQ/ENCFF664MUY.fastq.gz	FASTQ/ENCFF691IWS.fastq.gz	yes
ENCFF633ABR	1	FASTQ/ENCFF633ABR.fastq.gz	FASTQ/ENCFF755GDQ.fastq.gz	yes
ENCFF602LJG	1	FASTQ/ENCFF602LJG.fastq.gz	FASTQ/ENCFF415IGR.fastq.gz	yes
ENCFF529OTI	1	FASTQ/ENCFF529OTI.fastq.gz	FASTQ/ENCFF223KPI.fastq.gz	yes
ENCFF229MEE	1	FASTQ/ENCFF229MEE.fastq.gz	FASTQ/ENCFF721NWK.fastq.gz	none
ENCFF888EAZ	1	FASTQ/ENCFF888EAZ.fastq.gz	FASTQ/ENCFF695OUO.fastq.gz	yes
ENCFF002BZJ	1	FASTQ/ENCFF002BZJ.fastq.gz	FASTQ/ENCFF002BZK.fastq.gz	yes
ENCFF313YGK	1	FASTQ/ENCFF313YGK.fastq.gz	FASTQ/ENCFF132LKO.fastq.gz	yes
ENCFF160TYC	1	FASTQ/ENCFF160TYC.fastq.gz	FASTQ/ENCFF748VED.fastq.gz	yes
ENCFF339KWQ	1	FASTQ/ENCFF339KWQ.fastq.gz	FASTQ/ENCFF013HID.fastq.gz	yes
ENCFF800AGI	1	FASTQ/ENCFF800AGI.fastq.gz	FASTQ/ENCFF794HTC.fastq.gz	yes
ENCFF002CAR	1	FASTQ/ENCFF002CAR.fastq.gz	FASTQ/ENCFF002CAS.fastq.gz	yes
ENCFF981TFA	1	FASTQ/ENCFF981TFA.fastq.gz	FASTQ/ENCFF601DBP.fastq.gz	yes
ENCFF178NRT	1	FASTQ/ENCFF178NRT.fastq.gz	FASTQ/ENCFF397OVD.fastq.gz	yes
ENCFF134GJF	1	FASTQ/ENCFF134GJF.fastq.gz	FASTQ/ENCFF286RYI.fastq.gz	none
ENCFF462KWR	1	FASTQ/ENCFF462KWR.fastq.gz	FASTQ/ENCFF949CWD.fastq.gz	yes
ENCFF625DDR	1	FASTQ/ENCFF625DDR.fastq.gz	FASTQ/ENCFF437OYV.fastq.gz	yes
ENCFF002BZF	1	FASTQ/ENCFF002BZF.fastq.gz	FASTQ/ENCFF002BZG.fastq.gz	yes
ENCFF020XNK	1	FASTQ/ENCFF020XNK.fastq.gz	FASTQ/ENCFF354AMD.fastq.gz	yes
ENCFF853XXP	1	FASTQ/ENCFF853XXP.fastq.gz	FASTQ/ENCFF066WRI.fastq.gz	yes
ENCFF920XOR	1	FASTQ/ENCFF920XOR.fastq.gz	FASTQ/ENCFF857ACA.fastq.gz	none
ENCFF144IXI	1	FASTQ/ENCFF144IXI.fastq.gz	FASTQ/ENCFF283BFT.fastq.gz	yes
ENCFF714DEB	1	FASTQ/ENCFF714DEB.fastq.gz	FASTQ/ENCFF809EGB.fastq.gz	yes
ENCFF653POC	1	FASTQ/ENCFF653POC.fastq.gz	FASTQ/ENCFF895FLC.fastq.gz	yes
ENCFF805OZZ	1	FASTQ/ENCFF805OZZ.fastq.gz	FASTQ/ENCFF575QOO.fastq.gz	yes
ENCFF002BZN	1	FASTQ/ENCFF002BZN.fastq.gz	FASTQ/ENCFF002BZO.fastq.gz	yes
ENCFF002BUK	1	FASTQ/ENCFF002BUK.fastq.gz	FASTQ/ENCFF002BYN.fastq.gz	yes
ENCFF013SFL	1	FASTQ/ENCFF013SFL.fastq.gz	FASTQ/ENCFF208ITZ.fastq.gz	yes
ENCFF767CVZ	1	FASTQ/ENCFF767CVZ.fastq.gz	FASTQ/ENCFF791XKE.fastq.gz	yes
ENCFF097IVE	1	FASTQ/ENCFF097IVE.fastq.gz	FASTQ/ENCFF068EQH.fastq.gz	yes
ENCFF257LEK	1	FASTQ/ENCFF257LEK.fastq.gz	FASTQ/ENCFF947AGV.fastq.gz	yes
ENCFF312ROS	1	FASTQ/ENCFF312ROS.fastq.gz	FASTQ/ENCFF683AXB.fastq.gz	yes
ENCFF404AVL	1	FASTQ/ENCFF404AVL.fastq.gz	FASTQ/ENCFF406DBJ.fastq.gz	yes
ENCFF044OXQ	1	FASTQ/ENCFF044OXQ.fastq.gz	FASTQ/ENCFF394DBK.fastq.gz	yes
ENCFF169FHW	1	FASTQ/ENCFF169FHW.fastq.gz	FASTQ/ENCFF393SIM.fastq.gz	yes
ENCFF814RUM	1	FASTQ/ENCFF814RUM.fastq.gz	FASTQ/ENCFF797XKP.fastq.gz	yes
ENCFF266MUM	1	FASTQ/ENCFF266MUM.fastq.gz	FASTQ/ENCFF389UXO.fastq.gz	yes
ENCFF947QZH	1	FASTQ/ENCFF947QZH.fastq.gz	FASTQ/ENCFF258VUW.fastq.gz	yes
ENCFF878UFB	1	FASTQ/ENCFF878UFB.fastq.gz	FASTQ/ENCFF072VCG.fastq.gz	yes
ENCFF744RQX	1	FASTQ/ENCFF744RQX.fastq.gz	FASTQ/ENCFF764HJD.fastq.gz	yes
ENCFF154HGX	1	FASTQ/ENCFF154HGX.fastq.gz	FASTQ/ENCFF682FAA.fastq.gz	yes
ENCFF384YZT	1	FASTQ/ENCFF384YZT.fastq.gz	FASTQ/ENCFF979ZNO.fastq.gz	yes
ENCFF247PAT	1	FASTQ/ENCFF247PAT.fastq.gz	FASTQ/ENCFF355BAW.fastq.gz	yes
ENCFF292YLK	1	FASTQ/ENCFF292YLK.fastq.gz	FASTQ/ENCFF629XES.fastq.gz	yes
ENCFF298RTC	1	FASTQ/ENCFF298RTC.fastq.gz	FASTQ/ENCFF592OVU.fastq.gz	yes
ENCFF248RMM	1	FASTQ/ENCFF248RMM.fastq.gz	FASTQ/ENCFF349QHG.fastq.gz	yes
ENCFF574NLR	1	FASTQ/ENCFF574NLR.fastq.gz	FASTQ/ENCFF004YZO.fastq.gz	yes
ENCFF817WNK	1	FASTQ/ENCFF817WNK.fastq.gz	FASTQ/ENCFF945QZV.fastq.gz	yes
ENCFF146ZTR	1	FASTQ/ENCFF146ZTR.fastq.gz	FASTQ/ENCFF676ZXY.fastq.gz	yes
ENCFF420XPX	1	FASTQ/ENCFF420XPX.fastq.gz	FASTQ/ENCFF861HTL.fastq.gz	yes
ENCFF664ZQE	1	FASTQ/ENCFF664ZQE.fastq.gz	FASTQ/ENCFF687GVB.fastq.gz	yes
ENCFF990LNB	1	FASTQ/ENCFF990LNB.fastq.gz	FASTQ/ENCFF648TGB.fastq.gz	yes
ENCFF883DXE	1	FASTQ/ENCFF883DXE.fastq.gz	FASTQ/ENCFF642NRZ.fastq.gz	yes
ENCFF135JOS	1	FASTQ/ENCFF135JOS.fastq.gz	FASTQ/ENCFF071MNZ.fastq.gz	yes
ENCFF779NFX	1	FASTQ/ENCFF779NFX.fastq.gz	FASTQ/ENCFF363LMQ.fastq.gz	yes
ENCFF017PVQ	1	FASTQ/ENCFF017PVQ.fastq.gz	FASTQ/ENCFF263RWL.fastq.gz	yes
ENCFF728AHZ	1	FASTQ/ENCFF728AHZ.fastq.gz	FASTQ/ENCFF187KDF.fastq.gz	none
ENCFF106HXI	1	FASTQ/ENCFF106HXI.fastq.gz	FASTQ/ENCFF763SDA.fastq.gz	yes
ENCFF496RXN	1	FASTQ/ENCFF496RXN.fastq.gz	FASTQ/ENCFF865MIT.fastq.gz	yes
ENCFF860BAF	1	FASTQ/ENCFF860BAF.fastq.gz	FASTQ/ENCFF593JVU.fastq.gz	yes
ENCFF784BBJ	1	FASTQ/ENCFF784BBJ.fastq.gz	FASTQ/ENCFF559ZHD.fastq.gz	yes
ENCFF071FYQ	1	FASTQ/ENCFF071FYQ.fastq.gz	FASTQ/ENCFF313BXR.fastq.gz	yes
ENCFF545UKS	1	FASTQ/ENCFF545UKS.fastq.gz	FASTQ/ENCFF863JJI.fastq.gz	yes
ENCFF146URB	1	FASTQ/ENCFF146URB.fastq.gz	FASTQ/ENCFF614MDM.fastq.gz	yes
ENCFF540OGR	1	FASTQ/ENCFF540OGR.fastq.gz	FASTQ/ENCFF745IWF.fastq.gz	yes
ENCFF475BKB	1	FASTQ/ENCFF475BKB.fastq.gz	FASTQ/ENCFF079NDM.fastq.gz	yes
ENCFF417BCJ	1	FASTQ/ENCFF417BCJ.fastq.gz	FASTQ/ENCFF709GBK.fastq.gz	none
ENCFF002CBN	1	FASTQ/ENCFF002CBN.fastq.gz	FASTQ/ENCFF002CBO.fastq.gz	yes
ENCFF773GOI	1	FASTQ/ENCFF773GOI.fastq.gz	FASTQ/ENCFF994OSE.fastq.gz	yes
ENCFF166XSJ	1	FASTQ/ENCFF166XSJ.fastq.gz	FASTQ/ENCFF077APU.fastq.gz	yes
ENCFF931PKC	1	FASTQ/ENCFF931PKC.fastq.gz	FASTQ/ENCFF490GIG.fastq.gz	yes
ENCFF129JWT	1	FASTQ/ENCFF129JWT.fastq.gz	FASTQ/ENCFF346MFF.fastq.gz	yes
ENCFF643YFJ	1	FASTQ/ENCFF643YFJ.fastq.gz	FASTQ/ENCFF888IYF.fastq.gz	none
ENCFF282HYI	1	FASTQ/ENCFF282HYI.fastq.gz	FASTQ/ENCFF134KCP.fastq.gz	yes
ENCFF269ORG	1	FASTQ/ENCFF269ORG.fastq.gz	FASTQ/ENCFF616TPY.fastq.gz	yes
ENCFF323NXS	1	FASTQ/ENCFF323NXS.fastq.gz	FASTQ/ENCFF235KKF.fastq.gz	yes
ENCFF224MBX	1	FASTQ/ENCFF224MBX.fastq.gz	FASTQ/ENCFF436HPH.fastq.gz	yes
ENCFF874LUQ	1	FASTQ/ENCFF874LUQ.fastq.gz	FASTQ/ENCFF023EGA.fastq.gz	yes
ENCFF582GSM	1	FASTQ/ENCFF582GSM.fastq.gz	FASTQ/ENCFF299GUW.fastq.gz	yes
ENCFF749LAP	1	FASTQ/ENCFF749LAP.fastq.gz	FASTQ/ENCFF623ISQ.fastq.gz	yes
ENCFF887ARH	1	FASTQ/ENCFF887ARH.fastq.gz	FASTQ/ENCFF464UMQ.fastq.gz	none
ENCFF984GTS	1	FASTQ/ENCFF984GTS.fastq.gz	FASTQ/ENCFF004TES.fastq.gz	yes
ENCFF002CAL	1	FASTQ/ENCFF002CAL.fastq.gz	FASTQ/ENCFF002CAM.fastq.gz	yes
ENCFF097ZHH	1	FASTQ/ENCFF097ZHH.fastq.gz	FASTQ/ENCFF259YLC.fastq.gz	none
ENCFF641TDC	1	FASTQ/ENCFF641TDC.fastq.gz	FASTQ/ENCFF712MFS.fastq.gz	yes
ENCFF571ZRQ	1	FASTQ/ENCFF571ZRQ.fastq.gz	FASTQ/ENCFF909MEM.fastq.gz	yes
ENCFF755GJK	1	FASTQ/ENCFF755GJK.fastq.gz	FASTQ/ENCFF959WPC.fastq.gz	yes
ENCFF876QNA	1	FASTQ/ENCFF876QNA.fastq.gz	FASTQ/ENCFF499ITZ.fastq.gz	yes
ENCFF418YVG	1	FASTQ/ENCFF418YVG.fastq.gz	FASTQ/ENCFF682KDM.fastq.gz	yes
ENCFF279WFP	1	FASTQ/ENCFF279WFP.fastq.gz	FASTQ/ENCFF769DHO.fastq.gz	yes
ENCFF922LCG	1	FASTQ/ENCFF922LCG.fastq.gz	FASTQ/ENCFF455KZB.fastq.gz	yes
ENCFF518ZOL	1	FASTQ/ENCFF518ZOL.fastq.gz	FASTQ/ENCFF345ONV.fastq.gz	yes
ENCFF100QGP	1	FASTQ/ENCFF100QGP.fastq.gz	FASTQ/ENCFF929PGD.fastq.gz	yes
ENCFF438PVX	1	FASTQ/ENCFF438PVX.fastq.gz	FASTQ/ENCFF454SOJ.fastq.gz	yes
ENCFF233GFO	1	FASTQ/ENCFF233GFO.fastq.gz	FASTQ/ENCFF732ENI.fastq.gz	yes
ENCFF606LUR	1	FASTQ/ENCFF606LUR.fastq.gz	FASTQ/ENCFF257JTA.fastq.gz	yes
ENCFF538UQD	1	FASTQ/ENCFF538UQD.fastq.gz	FASTQ/ENCFF693GDP.fastq.gz	yes
ENCFF598ZZY	1	FASTQ/ENCFF598ZZY.fastq.gz	FASTQ/ENCFF842EME.fastq.gz	yes
ENCFF503VRZ	1	FASTQ/ENCFF503VRZ.fastq.gz	FASTQ/ENCFF105YHI.fastq.gz	yes
ENCFF173ZHJ	1	FASTQ/ENCFF173ZHJ.fastq.gz	FASTQ/ENCFF975IXQ.fastq.gz	none
ENCFF668SGZ	1	FASTQ/ENCFF668SGZ.fastq.gz	FASTQ/ENCFF245QUE.fastq.gz	yes
ENCFF892BVJ	1	FASTQ/ENCFF892BVJ.fastq.gz	FASTQ/ENCFF071FJN.fastq.gz	yes
ENCFF986VVL	1	FASTQ/ENCFF986VVL.fastq.gz	FASTQ/ENCFF652ZDY.fastq.gz	yes
ENCFF424TEQ	1	FASTQ/ENCFF424TEQ.fastq.gz	FASTQ/ENCFF968UER.fastq.gz	yes
ENCFF757NXE	1	FASTQ/ENCFF757NXE.fastq.gz	FASTQ/ENCFF736GGP.fastq.gz	yes
ENCFF997QSH	1	FASTQ/ENCFF997QSH.fastq.gz	FASTQ/ENCFF074UEX.fastq.gz	yes
ENCFF825UJT	1	FASTQ/ENCFF825UJT.fastq.gz	FASTQ/ENCFF978TCZ.fastq.gz	yes
ENCFF680ODC	1	FASTQ/ENCFF680ODC.fastq.gz	FASTQ/ENCFF840EOK.fastq.gz	yes
ENCFF240DIF	1	FASTQ/ENCFF240DIF.fastq.gz	FASTQ/ENCFF523KLQ.fastq.gz	yes
ENCFF608CNU	1	FASTQ/ENCFF608CNU.fastq.gz	FASTQ/ENCFF346UVT.fastq.gz	yes
ENCFF357AKH	1	FASTQ/ENCFF357AKH.fastq.gz	FASTQ/ENCFF113MXN.fastq.gz	yes
ENCFF027CTF	1	FASTQ/ENCFF027CTF.fastq.gz	FASTQ/ENCFF335NTX.fastq.gz	none
ENCFF832IOU	1	FASTQ/ENCFF832IOU.fastq.gz	FASTQ/ENCFF609QPI.fastq.gz	yes
ENCFF494VXS	1	FASTQ/ENCFF494VXS.fastq.gz	FASTQ/ENCFF518WZQ.fastq.gz	yes
ENCFF691MHI	1	FASTQ/ENCFF691MHI.fastq.gz	FASTQ/ENCFF077WCM.fastq.gz	none
ENCFF151WMB	1	FASTQ/ENCFF151WMB.fastq.gz	FASTQ/ENCFF664YCA.fastq.gz	none
ENCFF339ZUH	1	FASTQ/ENCFF339ZUH.fastq.gz	FASTQ/ENCFF292HLM.fastq.gz	yes
ENCFF533YPF	1	FASTQ/ENCFF533YPF.fastq.gz	FASTQ/ENCFF741QDA.fastq.gz	yes
ENCFF036QID	1	FASTQ/ENCFF036QID.fastq.gz	FASTQ/ENCFF058KEJ.fastq.gz	yes
ENCFF093ZYA	1	FASTQ/ENCFF093ZYA.fastq.gz	FASTQ/ENCFF085DKT.fastq.gz	yes
ENCFF299OYE	1	FASTQ/ENCFF299OYE.fastq.gz	FASTQ/ENCFF390LQU.fastq.gz	yes
ENCFF084WGX	1	FASTQ/ENCFF084WGX.fastq.gz	FASTQ/ENCFF330MGV.fastq.gz	yes
ENCFF670ZRN	1	FASTQ/ENCFF670ZRN.fastq.gz	FASTQ/ENCFF049UBT.fastq.gz	yes
ENCFF705YLZ	1	FASTQ/ENCFF705YLZ.fastq.gz	FASTQ/ENCFF912KOQ.fastq.gz	yes
ENCFF138LDH	1	FASTQ/ENCFF138LDH.fastq.gz	FASTQ/ENCFF727HJS.fastq.gz	yes
ENCFF293NMQ	1	FASTQ/ENCFF293NMQ.fastq.gz	FASTQ/ENCFF399APQ.fastq.gz	yes
ENCFF708YNY	1	FASTQ/ENCFF708YNY.fastq.gz	FASTQ/ENCFF986EEV.fastq.gz	yes
ENCFF708SAL	1	FASTQ/ENCFF708SAL.fastq.gz	FASTQ/ENCFF594UTN.fastq.gz	yes
ENCFF562ONV	1	FASTQ/ENCFF562ONV.fastq.gz	FASTQ/ENCFF357VHF.fastq.gz	yes
ENCFF892SIK	1	FASTQ/ENCFF892SIK.fastq.gz	FASTQ/ENCFF941MVX.fastq.gz	yes
ENCFF385RFZ	1	FASTQ/ENCFF385RFZ.fastq.gz	FASTQ/ENCFF296NAD.fastq.gz	yes
ENCFF539DCY	1	FASTQ/ENCFF539DCY.fastq.gz	FASTQ/ENCFF884LZZ.fastq.gz	yes
ENCFF909SSA	1	FASTQ/ENCFF909SSA.fastq.gz	FASTQ/ENCFF730GDK.fastq.gz	yes
ENCFF077URG	1	FASTQ/ENCFF077URG.fastq.gz	FASTQ/ENCFF909KFE.fastq.gz	yes
ENCFF486ADH	1	FASTQ/ENCFF486ADH.fastq.gz	FASTQ/ENCFF887GOE.fastq.gz	yes
ENCFF216IIG	1	FASTQ/ENCFF216IIG.fastq.gz	FASTQ/ENCFF853BIA.fastq.gz	yes
ENCFF278WVM	1	FASTQ/ENCFF278WVM.fastq.gz	FASTQ/ENCFF233IZY.fastq.gz	yes
ENCFF500PDO	1	FASTQ/ENCFF500PDO.fastq.gz	FASTQ/ENCFF708KQE.fastq.gz	yes
ENCFF187PBG	1	FASTQ/ENCFF187PBG.fastq.gz	FASTQ/ENCFF588WPC.fastq.gz	yes
ENCFF133IUB	1	FASTQ/ENCFF133IUB.fastq.gz	FASTQ/ENCFF740EAJ.fastq.gz	none
ENCFF703PUD	1	FASTQ/ENCFF703PUD.fastq.gz	FASTQ/ENCFF405SQY.fastq.gz	yes
ENCFF230STX	1	FASTQ/ENCFF230STX.fastq.gz	FASTQ/ENCFF634KSW.fastq.gz	yes
ENCFF872SLD	1	FASTQ/ENCFF872SLD.fastq.gz	FASTQ/ENCFF076BTH.fastq.gz	yes
ENCFF903WCH	1	FASTQ/ENCFF903WCH.fastq.gz	FASTQ/ENCFF539KOW.fastq.gz	yes
ENCFF039AHJ	1	FASTQ/ENCFF039AHJ.fastq.gz	FASTQ/ENCFF410DNJ.fastq.gz	yes
ENCFF811DUX	1	FASTQ/ENCFF811DUX.fastq.gz	FASTQ/ENCFF686WMY.fastq.gz	yes
ENCFF067AQF	1	FASTQ/ENCFF067AQF.fastq.gz	FASTQ/ENCFF390FTP.fastq.gz	yes
ENCFF806SKJ	1	FASTQ/ENCFF806SKJ.fastq.gz	FASTQ/ENCFF489FRK.fastq.gz	yes
ENCFF781GYO	1	FASTQ/ENCFF781GYO.fastq.gz	FASTQ/ENCFF748HNR.fastq.gz	yes
ENCFF491ITH	1	FASTQ/ENCFF491ITH.fastq.gz	FASTQ/ENCFF454KMT.fastq.gz	yes
ENCFF551HJB	1	FASTQ/ENCFF551HJB.fastq.gz	FASTQ/ENCFF641GOX.fastq.gz	yes
ENCFF049FJJ	1	FASTQ/ENCFF049FJJ.fastq.gz	FASTQ/ENCFF056BCC.fastq.gz	yes
ENCFF905DAD	1	FASTQ/ENCFF905DAD.fastq.gz	FASTQ/ENCFF967NBG.fastq.gz	none
ENCFF223LTB	1	FASTQ/ENCFF223LTB.fastq.gz	FASTQ/ENCFF580RBD.fastq.gz	yes
ENCFF709OSO	1	FASTQ/ENCFF709OSO.fastq.gz	FASTQ/ENCFF984IGG.fastq.gz	yes
ENCFF486AME	1	FASTQ/ENCFF486AME.fastq.gz	FASTQ/ENCFF032PXL.fastq.gz	yes
ENCFF533CTF	1	FASTQ/ENCFF533CTF.fastq.gz	FASTQ/ENCFF701CAJ.fastq.gz	yes
ENCFF063EWE	1	FASTQ/ENCFF063EWE.fastq.gz	FASTQ/ENCFF670IYQ.fastq.gz	yes
ENCFF760WLL	1	FASTQ/ENCFF760WLL.fastq.gz	FASTQ/ENCFF037JSE.fastq.gz	yes
ENCFF964WBP	1	FASTQ/ENCFF964WBP.fastq.gz	FASTQ/ENCFF068MEE.fastq.gz	yes
ENCFF846TMX	1	FASTQ/ENCFF846TMX.fastq.gz	FASTQ/ENCFF216AYS.fastq.gz	yes
ENCFF698RES	1	FASTQ/ENCFF698RES.fastq.gz	FASTQ/ENCFF313AOD.fastq.gz	yes
ENCFF184FWX	1	FASTQ/ENCFF184FWX.fastq.gz	FASTQ/ENCFF127FKO.fastq.gz	yes
ENCFF649AXE	1	FASTQ/ENCFF649AXE.fastq.gz	FASTQ/ENCFF756XSJ.fastq.gz	yes
ENCFF928HOG	1	FASTQ/ENCFF928HOG.fastq.gz	FASTQ/ENCFF420ZNS.fastq.gz	yes
ENCFF133JTD	1	FASTQ/ENCFF133JTD.fastq.gz	FASTQ/ENCFF558SCA.fastq.gz	none
ENCFF883YAT	1	FASTQ/ENCFF883YAT.fastq.gz	FASTQ/ENCFF680PND.fastq.gz	yes
ENCFF492BTX	1	FASTQ/ENCFF492BTX.fastq.gz	FASTQ/ENCFF847HQV.fastq.gz	yes
ENCFF759IRT	1	FASTQ/ENCFF759IRT.fastq.gz	FASTQ/ENCFF963MPW.fastq.gz	yes
ENCFF344ITC	1	FASTQ/ENCFF344ITC.fastq.gz	FASTQ/ENCFF314EUX.fastq.gz	yes
ENCFF808PNY	1	FASTQ/ENCFF808PNY.fastq.gz	FASTQ/ENCFF923JKP.fastq.gz	yes
ENCFF801DDP	1	FASTQ/ENCFF801DDP.fastq.gz	FASTQ/ENCFF583MPY.fastq.gz	yes
ENCFF602UZH	1	FASTQ/ENCFF602UZH.fastq.gz	FASTQ/ENCFF161IPL.fastq.gz	yes
ENCFF002CBT	1	FASTQ/ENCFF002CBT.fastq.gz	FASTQ/ENCFF002CBU.fastq.gz	yes
ENCFF677ZMU	1	FASTQ/ENCFF677ZMU.fastq.gz	FASTQ/ENCFF503GXO.fastq.gz	yes
ENCFF001ZFY	1	FASTQ/ENCFF001ZFY.fastq.gz	FASTQ/ENCFF001ZGG.fastq.gz	yes
ENCFF971KXV	1	FASTQ/ENCFF971KXV.fastq.gz	FASTQ/ENCFF089BZM.fastq.gz	yes
ENCFF002BZX	1	FASTQ/ENCFF002BZX.fastq.gz	FASTQ/ENCFF002BZY.fastq.gz	yes
ENCFF766SOB	1	FASTQ/ENCFF766SOB.fastq.gz	FASTQ/ENCFF276SQQ.fastq.gz	yes
ENCFF635INU	1	FASTQ/ENCFF635INU.fastq.gz	FASTQ/ENCFF376NVO.fastq.gz	yes
ENCFF741EQA	1	FASTQ/ENCFF741EQA.fastq.gz	FASTQ/ENCFF695YNR.fastq.gz	yes
ENCFF064IDI	1	FASTQ/ENCFF064IDI.fastq.gz	FASTQ/ENCFF529LIT.fastq.gz	yes
ENCFF457DGE	1	FASTQ/ENCFF457DGE.fastq.gz	FASTQ/ENCFF234XWN.fastq.gz	yes
ENCFF379KXH	1	FASTQ/ENCFF379KXH.fastq.gz	FASTQ/ENCFF783RKF.fastq.gz	yes
ENCFF496FRF	1	FASTQ/ENCFF496FRF.fastq.gz	FASTQ/ENCFF589MCF.fastq.gz	yes
ENCFF864UWL	1	FASTQ/ENCFF864UWL.fastq.gz	FASTQ/ENCFF821WEY.fastq.gz	yes
ENCFF561XEM	1	FASTQ/ENCFF561XEM.fastq.gz	FASTQ/ENCFF023EZN.fastq.gz	yes
ENCFF306FRF	1	FASTQ/ENCFF306FRF.fastq.gz	FASTQ/ENCFF424BJP.fastq.gz	yes
ENCFF897ZIG	1	FASTQ/ENCFF897ZIG.fastq.gz	FASTQ/ENCFF353TCN.fastq.gz	yes
ENCFF202DDK	1	FASTQ/ENCFF202DDK.fastq.gz	FASTQ/ENCFF225DFF.fastq.gz	yes
ENCFF186AAM	1	FASTQ/ENCFF186AAM.fastq.gz	FASTQ/ENCFF476PGN.fastq.gz	yes
ENCFF144WRK	1	FASTQ/ENCFF144WRK.fastq.gz	FASTQ/ENCFF495USF.fastq.gz	yes
ENCFF388HVN	1	FASTQ/ENCFF388HVN.fastq.gz	FASTQ/ENCFF156VYR.fastq.gz	yes
ENCFF896QFF	1	FASTQ/ENCFF896QFF.fastq.gz	FASTQ/ENCFF239MZX.fastq.gz	yes
ENCFF959DSF	1	FASTQ/ENCFF959DSF.fastq.gz	FASTQ/ENCFF672NPU.fastq.gz	yes
ENCFF022ZFY	1	FASTQ/ENCFF022ZFY.fastq.gz	FASTQ/ENCFF785OZW.fastq.gz	yes
ENCFF826NBM	1	FASTQ/ENCFF826NBM.fastq.gz	FASTQ/ENCFF534PRU.fastq.gz	yes
ENCFF673ANB	1	FASTQ/ENCFF673ANB.fastq.gz	FASTQ/ENCFF968JSN.fastq.gz	yes
ENCFF958QIG	1	FASTQ/ENCFF958QIG.fastq.gz	FASTQ/ENCFF190WFC.fastq.gz	yes
ENCFF030DXO	1	FASTQ/ENCFF030DXO.fastq.gz	FASTQ/ENCFF449SRE.fastq.gz	yes
ENCFF492VLP	1	FASTQ/ENCFF492VLP.fastq.gz	FASTQ/ENCFF036PPZ.fastq.gz	yes
ENCFF879NNR	1	FASTQ/ENCFF879NNR.fastq.gz	FASTQ/ENCFF980VES.fastq.gz	yes
ENCFF766IGS	1	FASTQ/ENCFF766IGS.fastq.gz	FASTQ/ENCFF723LLW.fastq.gz	yes
ENCFF642WHU	1	FASTQ/ENCFF642WHU.fastq.gz	FASTQ/ENCFF185OKC.fastq.gz	yes
ENCFF983TGB	1	FASTQ/ENCFF983TGB.fastq.gz	FASTQ/ENCFF555EDL.fastq.gz	yes
ENCFF545VDQ	1	FASTQ/ENCFF545VDQ.fastq.gz	FASTQ/ENCFF172DTK.fastq.gz	yes
ENCFF281VIC	1	FASTQ/ENCFF281VIC.fastq.gz	FASTQ/ENCFF483ITW.fastq.gz	yes
ENCFF267SMC	1	FASTQ/ENCFF267SMC.fastq.gz	FASTQ/ENCFF754KCM.fastq.gz	yes
ENCFF501GRK	1	FASTQ/ENCFF501GRK.fastq.gz	FASTQ/ENCFF653HYB.fastq.gz	yes
ENCFF222JMY	1	FASTQ/ENCFF222JMY.fastq.gz	FASTQ/ENCFF485ZZE.fastq.gz	yes
ENCFF334LGN	1	FASTQ/ENCFF334LGN.fastq.gz	FASTQ/ENCFF123ZRM.fastq.gz	yes
ENCFF776HWW	1	FASTQ/ENCFF776HWW.fastq.gz	FASTQ/ENCFF313ADT.fastq.gz	yes
ENCFF694ZZP	1	FASTQ/ENCFF694ZZP.fastq.gz	FASTQ/ENCFF926GST.fastq.gz	none
ENCFF181JWY	1	FASTQ/ENCFF181JWY.fastq.gz	FASTQ/ENCFF616RVM.fastq.gz	yes
ENCFF476GOQ	1	FASTQ/ENCFF476GOQ.fastq.gz	FASTQ/ENCFF193JEE.fastq.gz	yes
ENCFF763ICV	1	FASTQ/ENCFF763ICV.fastq.gz	FASTQ/ENCFF391OVD.fastq.gz	yes
ENCFF358VMZ	1	FASTQ/ENCFF358VMZ.fastq.gz	FASTQ/ENCFF749XCZ.fastq.gz	yes
ENCFF737CSN	1	FASTQ/ENCFF737CSN.fastq.gz	FASTQ/ENCFF782QYO.fastq.gz	yes
ENCFF311TZW	1	FASTQ/ENCFF311TZW.fastq.gz	FASTQ/ENCFF058GKO.fastq.gz	yes
ENCFF132GHM	1	FASTQ/ENCFF132GHM.fastq.gz	FASTQ/ENCFF267DZP.fastq.gz	yes
ENCFF710FTJ	1	FASTQ/ENCFF710FTJ.fastq.gz	FASTQ/ENCFF578TNR.fastq.gz	yes
ENCFF259SCX	1	FASTQ/ENCFF259SCX.fastq.gz	FASTQ/ENCFF650VKT.fastq.gz	yes
ENCFF002BZR	1	FASTQ/ENCFF002BZR.fastq.gz	FASTQ/ENCFF002BZS.fastq.gz	yes
ENCFF167BIH	1	FASTQ/ENCFF167BIH.fastq.gz	FASTQ/ENCFF734JOA.fastq.gz	yes
ENCFF120CRT	1	FASTQ/ENCFF120CRT.fastq.gz	FASTQ/ENCFF487YJM.fastq.gz	yes
ENCFF002BYV	1	FASTQ/ENCFF002BYV.fastq.gz	FASTQ/ENCFF002BYW.fastq.gz	yes
ENCFF316ENI	1	FASTQ/ENCFF316ENI.fastq.gz	FASTQ/ENCFF566CSH.fastq.gz	yes
ENCFF227CAJ	1	FASTQ/ENCFF227CAJ.fastq.gz	FASTQ/ENCFF912LEC.fastq.gz	yes
ENCFF434KYB	1	FASTQ/ENCFF434KYB.fastq.gz	FASTQ/ENCFF705TWV.fastq.gz	yes
ENCFF545JBO	1	FASTQ/ENCFF545JBO.fastq.gz	FASTQ/ENCFF477ZWR.fastq.gz	yes
ENCFF702NXP	1	FASTQ/ENCFF702NXP.fastq.gz	FASTQ/ENCFF489IZZ.fastq.gz	yes
ENCFF002BUI	1	FASTQ/ENCFF002BUI.fastq.gz	FASTQ/ENCFF002BUJ.fastq.gz	yes
ENCFF425BPJ	1	FASTQ/ENCFF425BPJ.fastq.gz	FASTQ/ENCFF391YLM.fastq.gz	yes
ENCFF002BZZ	1	FASTQ/ENCFF002BZZ.fastq.gz	FASTQ/ENCFF002CAA.fastq.gz	yes
ENCFF231BZR	1	FASTQ/ENCFF231BZR.fastq.gz	FASTQ/ENCFF310OEP.fastq.gz	yes
ENCFF555DRB	1	FASTQ/ENCFF555DRB.fastq.gz	FASTQ/ENCFF061LWF.fastq.gz	yes
ENCFF874XXC	1	FASTQ/ENCFF874XXC.fastq.gz	FASTQ/ENCFF107JST.fastq.gz	yes
ENCFF669ILF	1	FASTQ/ENCFF669ILF.fastq.gz	FASTQ/ENCFF259NBN.fastq.gz	yes
ENCFF485ZGX	1	FASTQ/ENCFF485ZGX.fastq.gz	FASTQ/ENCFF383DSE.fastq.gz	yes
ENCFF742HTZ	1	FASTQ/ENCFF742HTZ.fastq.gz	FASTQ/ENCFF803IAI.fastq.gz	yes
ENCFF698BLQ	1	FASTQ/ENCFF698BLQ.fastq.gz	FASTQ/ENCFF810KPF.fastq.gz	yes
ENCFF195QQM	1	FASTQ/ENCFF195QQM.fastq.gz	FASTQ/ENCFF096LNJ.fastq.gz	yes
ENCFF524MXJ	1	FASTQ/ENCFF524MXJ.fastq.gz	FASTQ/ENCFF262KLE.fastq.gz	yes
ENCFF167GYS	1	FASTQ/ENCFF167GYS.fastq.gz	FASTQ/ENCFF483NVL.fastq.gz	yes
ENCFF007PXN	1	FASTQ/ENCFF007PXN.fastq.gz	FASTQ/ENCFF627DFL.fastq.gz	yes
ENCFF101BOD	1	FASTQ/ENCFF101BOD.fastq.gz	FASTQ/ENCFF653YRR.fastq.gz	yes
ENCFF085RPO	1	FASTQ/ENCFF085RPO.fastq.gz	FASTQ/ENCFF457NBN.fastq.gz	yes
ENCFF867MZR	1	FASTQ/ENCFF867MZR.fastq.gz	FASTQ/ENCFF584HLK.fastq.gz	yes
ENCFF478SRL	1	FASTQ/ENCFF478SRL.fastq.gz	FASTQ/ENCFF739UUY.fastq.gz	yes
ENCFF081MJU	1	FASTQ/ENCFF081MJU.fastq.gz	FASTQ/ENCFF080GES.fastq.gz	yes
ENCFF118DRU	1	FASTQ/ENCFF118DRU.fastq.gz	FASTQ/ENCFF457UXJ.fastq.gz	yes
ENCFF602TYI	1	FASTQ/ENCFF602TYI.fastq.gz	FASTQ/ENCFF418DBS.fastq.gz	yes
ENCFF653FTD	1	FASTQ/ENCFF653FTD.fastq.gz	FASTQ/ENCFF621LMO.fastq.gz	yes
ENCFF665YRR	1	FASTQ/ENCFF665YRR.fastq.gz	FASTQ/ENCFF238WHQ.fastq.gz	yes
ENCFF048OSW	1	FASTQ/ENCFF048OSW.fastq.gz	FASTQ/ENCFF329XPN.fastq.gz	yes
ENCFF002CAB	1	FASTQ/ENCFF002CAB.fastq.gz	FASTQ/ENCFF002CAC.fastq.gz	yes
ENCFF350JEN	1	FASTQ/ENCFF350JEN.fastq.gz	FASTQ/ENCFF243BZZ.fastq.gz	yes
ENCFF182VNL	1	FASTQ/ENCFF182VNL.fastq.gz	FASTQ/ENCFF945NXO.fastq.gz	none
ENCFF447YTB	1	FASTQ/ENCFF447YTB.fastq.gz	FASTQ/ENCFF210CQX.fastq.gz	yes
ENCFF146BTC	1	FASTQ/ENCFF146BTC.fastq.gz	FASTQ/ENCFF561DEY.fastq.gz	yes
ENCFF507CET	1	FASTQ/ENCFF507CET.fastq.gz	FASTQ/ENCFF046XSC.fastq.gz	yes
ENCFF981SWJ	1	FASTQ/ENCFF981SWJ.fastq.gz	FASTQ/ENCFF087MDC.fastq.gz	yes
ENCFF158ZML	1	FASTQ/ENCFF158ZML.fastq.gz	FASTQ/ENCFF550GXB.fastq.gz	yes
ENCFF564BXF	1	FASTQ/ENCFF564BXF.fastq.gz	FASTQ/ENCFF646LBK.fastq.gz	yes
ENCFF687PZS	1	FASTQ/ENCFF687PZS.fastq.gz	FASTQ/ENCFF616PSW.fastq.gz	yes
ENCFF854SOV	1	FASTQ/ENCFF854SOV.fastq.gz	FASTQ/ENCFF445RNI.fastq.gz	yes
ENCFF124SVA	1	FASTQ/ENCFF124SVA.fastq.gz	FASTQ/ENCFF603FOE.fastq.gz	yes
ENCFF727UXZ	1	FASTQ/ENCFF727UXZ.fastq.gz	FASTQ/ENCFF182DFD.fastq.gz	yes
ENCFF002BZD	1	FASTQ/ENCFF002BZD.fastq.gz	FASTQ/ENCFF002BZE.fastq.gz	yes
ENCFF002CAJ	1	FASTQ/ENCFF002CAJ.fastq.gz	FASTQ/ENCFF002CAK.fastq.gz	yes
ENCFF605WBD	1	FASTQ/ENCFF605WBD.fastq.gz	FASTQ/ENCFF508COB.fastq.gz	yes
ENCFF836KMN	1	FASTQ/ENCFF836KMN.fastq.gz	FASTQ/ENCFF508RPC.fastq.gz	yes
ENCFF585DOI	1	FASTQ/ENCFF585DOI.fastq.gz	FASTQ/ENCFF644HMG.fastq.gz	yes
ENCFF893BDX	1	FASTQ/ENCFF893BDX.fastq.gz	FASTQ/ENCFF643FDI.fastq.gz	yes
ENCFF227NAO	1	FASTQ/ENCFF227NAO.fastq.gz	FASTQ/ENCFF610LJV.fastq.gz	yes
ENCFF897YVB	1	FASTQ/ENCFF897YVB.fastq.gz	FASTQ/ENCFF032KCT.fastq.gz	yes
ENCFF308LRZ	1	FASTQ/ENCFF308LRZ.fastq.gz	FASTQ/ENCFF094PKO.fastq.gz	yes
ENCFF195MFO	1	FASTQ/ENCFF195MFO.fastq.gz	FASTQ/ENCFF017MUK.fastq.gz	yes
ENCFF062MDL	1	FASTQ/ENCFF062MDL.fastq.gz	FASTQ/ENCFF297WKY.fastq.gz	yes
ENCFF824FES	1	FASTQ/ENCFF824FES.fastq.gz	FASTQ/ENCFF439RFC.fastq.gz	yes
ENCFF786LGW	1	FASTQ/ENCFF786LGW.fastq.gz	FASTQ/ENCFF096PID.fastq.gz	yes
ENCFF945WRF	1	FASTQ/ENCFF945WRF.fastq.gz	FASTQ/ENCFF660PCY.fastq.gz	yes
ENCFF368IFZ	1	FASTQ/ENCFF368IFZ.fastq.gz	FASTQ/ENCFF664SIZ.fastq.gz	yes
ENCFF427DNA	1	FASTQ/ENCFF427DNA.fastq.gz	FASTQ/ENCFF589YLA.fastq.gz	none
ENCFF665JHX	1	FASTQ/ENCFF665JHX.fastq.gz	FASTQ/ENCFF867UBG.fastq.gz	yes
ENCFF002BYZ	1	FASTQ/ENCFF002BYZ.fastq.gz	FASTQ/ENCFF002BZA.fastq.gz	yes
ENCFF266JFP	1	FASTQ/ENCFF266JFP.fastq.gz	FASTQ/ENCFF704AON.fastq.gz	yes
ENCFF512YTM	1	FASTQ/ENCFF512YTM.fastq.gz	FASTQ/ENCFF908ZPI.fastq.gz	yes
ENCFF229LJE	1	FASTQ/ENCFF229LJE.fastq.gz	FASTQ/ENCFF126SEY.fastq.gz	yes
ENCFF398QAB	1	FASTQ/ENCFF398QAB.fastq.gz	FASTQ/ENCFF850YSY.fastq.gz	yes
ENCFF002BUA	1	FASTQ/ENCFF002BUA.fastq.gz	FASTQ/ENCFF002BUB.fastq.gz	yes
ENCFF978VKP	1	FASTQ/ENCFF978VKP.fastq.gz	FASTQ/ENCFF651KHH.fastq.gz	yes
ENCFF700VXB	1	FASTQ/ENCFF700VXB.fastq.gz	FASTQ/ENCFF193XLA.fastq.gz	yes
ENCFF152SDU	1	FASTQ/ENCFF152SDU.fastq.gz	FASTQ/ENCFF626FZQ.fastq.gz	none
ENCFF288GAY	1	FASTQ/ENCFF288GAY.fastq.gz	FASTQ/ENCFF044DKC.fastq.gz	yes
ENCFF327YPN	1	FASTQ/ENCFF327YPN.fastq.gz	FASTQ/ENCFF150UHB.fastq.gz	yes
ENCFF378OUM	1	FASTQ/ENCFF378OUM.fastq.gz	FASTQ/ENCFF906JJU.fastq.gz	yes
ENCFF400OPO	1	FASTQ/ENCFF400OPO.fastq.gz	FASTQ/ENCFF082HCX.fastq.gz	yes
ENCFF651UOX	1	FASTQ/ENCFF651UOX.fastq.gz	FASTQ/ENCFF587IKN.fastq.gz	yes
ENCFF544CGK	1	FASTQ/ENCFF544CGK.fastq.gz	FASTQ/ENCFF157BSJ.fastq.gz	yes
ENCFF118BKZ	1	FASTQ/ENCFF118BKZ.fastq.gz	FASTQ/ENCFF334WQQ.fastq.gz	yes
ENCFF676WWN	1	FASTQ/ENCFF676WWN.fastq.gz	FASTQ/ENCFF682ZQP.fastq.gz	yes
ENCFF305RAA	1	FASTQ/ENCFF305RAA.fastq.gz	FASTQ/ENCFF053TTB.fastq.gz	yes
ENCFF122FQG	1	FASTQ/ENCFF122FQG.fastq.gz	FASTQ/ENCFF981BLK.fastq.gz	yes
ENCFF242WVU	1	FASTQ/ENCFF242WVU.fastq.gz	FASTQ/ENCFF630ASZ.fastq.gz	yes
ENCFF254YMX	1	FASTQ/ENCFF254YMX.fastq.gz	FASTQ/ENCFF557NSW.fastq.gz	yes
ENCFF207UWP	1	FASTQ/ENCFF207UWP.fastq.gz	FASTQ/ENCFF946XAT.fastq.gz	none
ENCFF243MHI	1	FASTQ/ENCFF243MHI.fastq.gz	FASTQ/ENCFF529ESP.fastq.gz	yes
ENCFF002CAF	1	FASTQ/ENCFF002CAF.fastq.gz	FASTQ/ENCFF002CAG.fastq.gz	yes
ENCFF112WXE	1	FASTQ/ENCFF112WXE.fastq.gz	FASTQ/ENCFF530DTM.fastq.gz	yes
ENCFF096QZQ	1	FASTQ/ENCFF096QZQ.fastq.gz	FASTQ/ENCFF794TDS.fastq.gz	yes
ENCFF148CWS	1	FASTQ/ENCFF148CWS.fastq.gz	FASTQ/ENCFF173UFY.fastq.gz	yes
ENCFF526HRE	1	FASTQ/ENCFF526HRE.fastq.gz	FASTQ/ENCFF593ERZ.fastq.gz	yes
ENCFF196EOX	1	FASTQ/ENCFF196EOX.fastq.gz	FASTQ/ENCFF068KKI.fastq.gz	yes
ENCFF630XGP	1	FASTQ/ENCFF630XGP.fastq.gz	FASTQ/ENCFF724ZDB.fastq.gz	yes
ENCFF052PAR	1	FASTQ/ENCFF052PAR.fastq.gz	FASTQ/ENCFF254DEP.fastq.gz	yes
ENCFF383DLH	1	FASTQ/ENCFF383DLH.fastq.gz	FASTQ/ENCFF565IUW.fastq.gz	yes
ENCFF491FHA	1	FASTQ/ENCFF491FHA.fastq.gz	FASTQ/ENCFF568ITK.fastq.gz	yes
ENCFF309THL	1	FASTQ/ENCFF309THL.fastq.gz	FASTQ/ENCFF996JYA.fastq.gz	yes
ENCFF588RRE	1	FASTQ/ENCFF588RRE.fastq.gz	FASTQ/ENCFF930PYM.fastq.gz	yes
ENCFF181CND	1	FASTQ/ENCFF181CND.fastq.gz	FASTQ/ENCFF428OIY.fastq.gz	yes
ENCFF485RQH	1	FASTQ/ENCFF485RQH.fastq.gz	FASTQ/ENCFF710KDJ.fastq.gz	yes
ENCFF503FXG	1	FASTQ/ENCFF503FXG.fastq.gz	FASTQ/ENCFF916QRY.fastq.gz	yes
ENCFF924GFD	1	FASTQ/ENCFF924GFD.fastq.gz	FASTQ/ENCFF957PJD.fastq.gz	yes
ENCFF992IIL	1	FASTQ/ENCFF992IIL.fastq.gz	FASTQ/ENCFF488QAT.fastq.gz	yes
ENCFF199PVY	1	FASTQ/ENCFF199PVY.fastq.gz	FASTQ/ENCFF878CVQ.fastq.gz	yes
ENCFF698DQF	1	FASTQ/ENCFF698DQF.fastq.gz	FASTQ/ENCFF811KDI.fastq.gz	yes
ENCFF374ZRQ	1	FASTQ/ENCFF374ZRQ.fastq.gz	FASTQ/ENCFF540PXK.fastq.gz	yes
ENCFF590JFP	1	FASTQ/ENCFF590JFP.fastq.gz	FASTQ/ENCFF731UZZ.fastq.gz	yes
ENCFF225MYA	1	FASTQ/ENCFF225MYA.fastq.gz	FASTQ/ENCFF385ACT.fastq.gz	yes
ENCFF569LWF	1	FASTQ/ENCFF569LWF.fastq.gz	FASTQ/ENCFF671ZVB.fastq.gz	yes
ENCFF523XON	1	FASTQ/ENCFF523XON.fastq.gz	FASTQ/ENCFF609PLL.fastq.gz	yes
ENCFF981FSJ	1	FASTQ/ENCFF981FSJ.fastq.gz	FASTQ/ENCFF130DUK.fastq.gz	yes
ENCFF992JMW	1	FASTQ/ENCFF992JMW.fastq.gz	FASTQ/ENCFF792QAB.fastq.gz	yes
ENCFF002CAD	1	FASTQ/ENCFF002CAD.fastq.gz	FASTQ/ENCFF002CAE.fastq.gz	yes
ENCFF075JON	1	FASTQ/ENCFF075JON.fastq.gz	FASTQ/ENCFF796EGU.fastq.gz	yes
ENCFF454RKS	1	FASTQ/ENCFF454RKS.fastq.gz	FASTQ/ENCFF224TRL.fastq.gz	yes
ENCFF294JZJ	1	FASTQ/ENCFF294JZJ.fastq.gz	FASTQ/ENCFF404VDD.fastq.gz	yes
ENCFF682WVW	1	FASTQ/ENCFF682WVW.fastq.gz	FASTQ/ENCFF637BLZ.fastq.gz	yes
ENCFF057KLZ	1	FASTQ/ENCFF057KLZ.fastq.gz	FASTQ/ENCFF533QHC.fastq.gz	yes
ENCFF122SKU	1	FASTQ/ENCFF122SKU.fastq.gz	FASTQ/ENCFF820RCP.fastq.gz	yes
ENCFF160TRI	1	FASTQ/ENCFF160TRI.fastq.gz	FASTQ/ENCFF795GAH.fastq.gz	yes
ENCFF773TIP	1	FASTQ/ENCFF773TIP.fastq.gz	FASTQ/ENCFF992YHM.fastq.gz	yes
ENCFF765JVM	1	FASTQ/ENCFF765JVM.fastq.gz	FASTQ/ENCFF906YOC.fastq.gz	yes
ENCFF751DLT	1	FASTQ/ENCFF751DLT.fastq.gz	FASTQ/ENCFF849RWY.fastq.gz	none
ENCFF991ERC	1	FASTQ/ENCFF991ERC.fastq.gz	FASTQ/ENCFF084XHU.fastq.gz	yes
ENCFF595BWN	1	FASTQ/ENCFF595BWN.fastq.gz	FASTQ/ENCFF279NUI.fastq.gz	yes
ENCFF658SIN	1	FASTQ/ENCFF658SIN.fastq.gz	FASTQ/ENCFF584HJL.fastq.gz	none
ENCFF227UZU	1	FASTQ/ENCFF227UZU.fastq.gz	FASTQ/ENCFF582EZJ.fastq.gz	yes
ENCFF269UFD	1	FASTQ/ENCFF269UFD.fastq.gz	FASTQ/ENCFF282QMJ.fastq.gz	yes
ENCFF764VIK	1	FASTQ/ENCFF764VIK.fastq.gz	FASTQ/ENCFF890ITA.fastq.gz	yes
ENCFF951SZM	1	FASTQ/ENCFF951SZM.fastq.gz	FASTQ/ENCFF143VNE.fastq.gz	none
ENCFF057FUX	1	FASTQ/ENCFF057FUX.fastq.gz	FASTQ/ENCFF848IFD.fastq.gz	yes
ENCFF082OQR	1	FASTQ/ENCFF082OQR.fastq.gz	FASTQ/ENCFF081TZC.fastq.gz	none
ENCFF696ZNH	1	FASTQ/ENCFF696ZNH.fastq.gz	FASTQ/ENCFF040XAO.fastq.gz	yes
ENCFF701SBH	1	FASTQ/ENCFF701SBH.fastq.gz	FASTQ/ENCFF781MVI.fastq.gz	yes
ENCFF145NIK	1	FASTQ/ENCFF145NIK.fastq.gz	FASTQ/ENCFF514CDT.fastq.gz	yes
ENCFF595HGP	1	FASTQ/ENCFF595HGP.fastq.gz	FASTQ/ENCFF045VON.fastq.gz	yes
ENCFF940CVA	1	FASTQ/ENCFF940CVA.fastq.gz	FASTQ/ENCFF994CYS.fastq.gz	yes
ENCFF959BUP	1	FASTQ/ENCFF959BUP.fastq.gz	FASTQ/ENCFF760FBT.fastq.gz	yes
ENCFF385GEX	1	FASTQ/ENCFF385GEX.fastq.gz	FASTQ/ENCFF922CDR.fastq.gz	yes
ENCFF663JMD	1	FASTQ/ENCFF663JMD.fastq.gz	FASTQ/ENCFF747VCZ.fastq.gz	yes
ENCFF740MTB	1	FASTQ/ENCFF740MTB.fastq.gz	FASTQ/ENCFF533LSQ.fastq.gz	yes
ENCFF075HNS	1	FASTQ/ENCFF075HNS.fastq.gz	FASTQ/ENCFF072QOL.fastq.gz	yes
ENCFF130KYO	1	FASTQ/ENCFF130KYO.fastq.gz	FASTQ/ENCFF201IXD.fastq.gz	yes
ENCFF847XAB	1	FASTQ/ENCFF847XAB.fastq.gz	FASTQ/ENCFF086QPV.fastq.gz	yes
ENCFF597YDI	1	FASTQ/ENCFF597YDI.fastq.gz	FASTQ/ENCFF474QQW.fastq.gz	yes
ENCFF676PVW	1	FASTQ/ENCFF676PVW.fastq.gz	FASTQ/ENCFF511CQD.fastq.gz	yes
ENCFF219ZRK	1	FASTQ/ENCFF219ZRK.fastq.gz	FASTQ/ENCFF121WQZ.fastq.gz	yes
ENCFF066WEL	1	FASTQ/ENCFF066WEL.fastq.gz	FASTQ/ENCFF479MEU.fastq.gz	yes
ENCFF078KLK	1	FASTQ/ENCFF078KLK.fastq.gz	FASTQ/ENCFF970UVV.fastq.gz	yes
ENCFF972SDY	1	FASTQ/ENCFF972SDY.fastq.gz	FASTQ/ENCFF391NQR.fastq.gz	yes
ENCFF728FAS	1	FASTQ/ENCFF728FAS.fastq.gz	FASTQ/ENCFF657JMI.fastq.gz	yes
ENCFF619COW	1	FASTQ/ENCFF619COW.fastq.gz	FASTQ/ENCFF992STH.fastq.gz	yes
ENCFF611QCD	1	FASTQ/ENCFF611QCD.fastq.gz	FASTQ/ENCFF538LDO.fastq.gz	yes
ENCFF798MMK	1	FASTQ/ENCFF798MMK.fastq.gz	FASTQ/ENCFF456OWM.fastq.gz	none
ENCFF759NEY	1	FASTQ/ENCFF759NEY.fastq.gz	FASTQ/ENCFF725QET.fastq.gz	yes
ENCFF026KAZ	1	FASTQ/ENCFF026KAZ.fastq.gz	FASTQ/ENCFF831SXK.fastq.gz	yes
ENCFF766PEB	1	FASTQ/ENCFF766PEB.fastq.gz	FASTQ/ENCFF128FTL.fastq.gz	yes
ENCFF706KHZ	1	FASTQ/ENCFF706KHZ.fastq.gz	FASTQ/ENCFF514EBL.fastq.gz	yes
ENCFF634NUL	1	FASTQ/ENCFF634NUL.fastq.gz	FASTQ/ENCFF144IZI.fastq.gz	yes
ENCFF972FSH	1	FASTQ/ENCFF972FSH.fastq.gz	FASTQ/ENCFF307SIY.fastq.gz	yes
ENCFF609BMN	1	FASTQ/ENCFF609BMN.fastq.gz	FASTQ/ENCFF813VOG.fastq.gz	yes
ENCFF915IUK	1	FASTQ/ENCFF915IUK.fastq.gz	FASTQ/ENCFF300MKG.fastq.gz	yes
ENCFF072ANJ	1	FASTQ/ENCFF072ANJ.fastq.gz	FASTQ/ENCFF774OZE.fastq.gz	yes
ENCFF366WCT	1	FASTQ/ENCFF366WCT.fastq.gz	FASTQ/ENCFF465BOU.fastq.gz	yes
ENCFF541IDK	1	FASTQ/ENCFF541IDK.fastq.gz	FASTQ/ENCFF435HEB.fastq.gz	none
ENCFF611IYB	1	FASTQ/ENCFF611IYB.fastq.gz	FASTQ/ENCFF537EIB.fastq.gz	yes
ENCFF151GQG	1	FASTQ/ENCFF151GQG.fastq.gz	FASTQ/ENCFF582PPR.fastq.gz	yes
ENCFF090JJX	1	FASTQ/ENCFF090JJX.fastq.gz	FASTQ/ENCFF448NDC.fastq.gz	none
ENCFF596MWB	1	FASTQ/ENCFF596MWB.fastq.gz	FASTQ/ENCFF742RPW.fastq.gz	yes
ENCFF220TLU	1	FASTQ/ENCFF220TLU.fastq.gz	FASTQ/ENCFF350CEQ.fastq.gz	yes
ENCFF375YMM	1	FASTQ/ENCFF375YMM.fastq.gz	FASTQ/ENCFF648RKD.fastq.gz	yes
ENCFF783QUA	1	FASTQ/ENCFF783QUA.fastq.gz	FASTQ/ENCFF608ODT.fastq.gz	yes
ENCFF460YOT	1	FASTQ/ENCFF460YOT.fastq.gz	FASTQ/ENCFF051FJX.fastq.gz	yes
ENCFF557IPZ	1	FASTQ/ENCFF557IPZ.fastq.gz	FASTQ/ENCFF417JSJ.fastq.gz	yes
ENCFF140QAZ	1	FASTQ/ENCFF140QAZ.fastq.gz	FASTQ/ENCFF863ITD.fastq.gz	yes
ENCFF029QIY	1	FASTQ/ENCFF029QIY.fastq.gz	FASTQ/ENCFF464MHZ.fastq.gz	yes
ENCFF867EMI	1	FASTQ/ENCFF867EMI.fastq.gz	FASTQ/ENCFF009CEM.fastq.gz	yes
ENCFF521TMC	1	FASTQ/ENCFF521TMC.fastq.gz	FASTQ/ENCFF292CKX.fastq.gz	yes
ENCFF097IXL	1	FASTQ/ENCFF097IXL.fastq.gz	FASTQ/ENCFF678IOI.fastq.gz	yes
ENCFF594BHL	1	FASTQ/ENCFF594BHL.fastq.gz	FASTQ/ENCFF285TAQ.fastq.gz	yes
ENCFF808LTK	1	FASTQ/ENCFF808LTK.fastq.gz	FASTQ/ENCFF150JZE.fastq.gz	yes
ENCFF169XEG	1	FASTQ/ENCFF169XEG.fastq.gz	FASTQ/ENCFF796SDA.fastq.gz	yes
ENCFF922AOZ	1	FASTQ/ENCFF922AOZ.fastq.gz	FASTQ/ENCFF115GMC.fastq.gz	yes
ENCFF293PDA	1	FASTQ/ENCFF293PDA.fastq.gz	FASTQ/ENCFF696PCN.fastq.gz	yes
ENCFF732WIF	1	FASTQ/ENCFF732WIF.fastq.gz	FASTQ/ENCFF632NRD.fastq.gz	yes
ENCFF387EGG	1	FASTQ/ENCFF387EGG.fastq.gz	FASTQ/ENCFF863EAW.fastq.gz	yes
ENCFF114XOP	1	FASTQ/ENCFF114XOP.fastq.gz	FASTQ/ENCFF931IOG.fastq.gz	yes
ENCFF071XRK	1	FASTQ/ENCFF071XRK.fastq.gz	FASTQ/ENCFF712IRZ.fastq.gz	yes
ENCFF369DMQ	1	FASTQ/ENCFF369DMQ.fastq.gz	FASTQ/ENCFF828BNV.fastq.gz	yes
ENCFF072DBP	1	FASTQ/ENCFF072DBP.fastq.gz	FASTQ/ENCFF437AQM.fastq.gz	none
ENCFF479OMX	1	FASTQ/ENCFF479OMX.fastq.gz	FASTQ/ENCFF695VTW.fastq.gz	yes
ENCFF844XSA	1	FASTQ/ENCFF844XSA.fastq.gz	FASTQ/ENCFF327PBI.fastq.gz	yes
ENCFF729NUH	1	FASTQ/ENCFF729NUH.fastq.gz	FASTQ/ENCFF146LZR.fastq.gz	yes
ENCFF061TLX	1	FASTQ/ENCFF061TLX.fastq.gz	FASTQ/ENCFF536RCU.fastq.gz	yes
ENCFF911AOB	1	FASTQ/ENCFF911AOB.fastq.gz	FASTQ/ENCFF460HMV.fastq.gz	yes
ENCFF801YDB	1	FASTQ/ENCFF801YDB.fastq.gz	FASTQ/ENCFF794CUL.fastq.gz	yes
ENCFF551UKL	1	FASTQ/ENCFF551UKL.fastq.gz	FASTQ/ENCFF769DTH.fastq.gz	yes
ENCFF376EIQ	1	FASTQ/ENCFF376EIQ.fastq.gz	FASTQ/ENCFF799FSS.fastq.gz	yes
ENCFF306CGQ	1	FASTQ/ENCFF306CGQ.fastq.gz	FASTQ/ENCFF309BTW.fastq.gz	yes
ENCFF791HTS	1	FASTQ/ENCFF791HTS.fastq.gz	FASTQ/ENCFF691MJX.fastq.gz	yes
ENCFF487GQP	1	FASTQ/ENCFF487GQP.fastq.gz	FASTQ/ENCFF521OHO.fastq.gz	yes
ENCFF470BBN	1	FASTQ/ENCFF470BBN.fastq.gz	FASTQ/ENCFF824GIZ.fastq.gz	yes
ENCFF163BAQ	1	FASTQ/ENCFF163BAQ.fastq.gz	FASTQ/ENCFF693ZLZ.fastq.gz	yes
ENCFF670FLG	1	FASTQ/ENCFF670FLG.fastq.gz	FASTQ/ENCFF927LZT.fastq.gz	yes
ENCFF814DNY	1	FASTQ/ENCFF814DNY.fastq.gz	FASTQ/ENCFF973CMM.fastq.gz	yes
ENCFF055TWI	1	FASTQ/ENCFF055TWI.fastq.gz	FASTQ/ENCFF268LAZ.fastq.gz	yes
ENCFF738ESH	1	FASTQ/ENCFF738ESH.fastq.gz	FASTQ/ENCFF158PIV.fastq.gz	yes
ENCFF263MYG	1	FASTQ/ENCFF263MYG.fastq.gz	FASTQ/ENCFF868UFK.fastq.gz	yes
ENCFF941JGA	1	FASTQ/ENCFF941JGA.fastq.gz	FASTQ/ENCFF617SWH.fastq.gz	yes
ENCFF474TNL	1	FASTQ/ENCFF474TNL.fastq.gz	FASTQ/ENCFF236VNZ.fastq.gz	yes
ENCFF684ENJ	1	FASTQ/ENCFF684ENJ.fastq.gz	FASTQ/ENCFF420BIF.fastq.gz	none
ENCFF968XOE	1	FASTQ/ENCFF968XOE.fastq.gz	FASTQ/ENCFF720AIL.fastq.gz	yes
ENCFF160MRP	1	FASTQ/ENCFF160MRP.fastq.gz	FASTQ/ENCFF695MUQ.fastq.gz	yes
ENCFF476ZAC	1	FASTQ/ENCFF476ZAC.fastq.gz	FASTQ/ENCFF321EUT.fastq.gz	yes
ENCFF549TVE	1	FASTQ/ENCFF549TVE.fastq.gz	FASTQ/ENCFF547FWK.fastq.gz	yes
ENCFF417LQZ	1	FASTQ/ENCFF417LQZ.fastq.gz	FASTQ/ENCFF624KNV.fastq.gz	yes
ENCFF844AFL	1	FASTQ/ENCFF844AFL.fastq.gz	FASTQ/ENCFF725RTN.fastq.gz	yes
ENCFF072SUV	1	FASTQ/ENCFF072SUV.fastq.gz	FASTQ/ENCFF676KSM.fastq.gz	yes
ENCFF065LYN	1	FASTQ/ENCFF065LYN.fastq.gz	FASTQ/ENCFF943WGV.fastq.gz	yes
ENCFF121TSO	1	FASTQ/ENCFF121TSO.fastq.gz	FASTQ/ENCFF474DJV.fastq.gz	yes
ENCFF154DLI	1	FASTQ/ENCFF154DLI.fastq.gz	FASTQ/ENCFF476GKA.fastq.gz	none
ENCFF002BZB	1	FASTQ/ENCFF002BZB.fastq.gz	FASTQ/ENCFF002BZC.fastq.gz	yes
ENCFF452FPB	1	FASTQ/ENCFF452FPB.fastq.gz	FASTQ/ENCFF743XBF.fastq.gz	yes
ENCFF609NFS	1	FASTQ/ENCFF609NFS.fastq.gz	FASTQ/ENCFF870ULR.fastq.gz	yes
ENCFF521FEX	1	FASTQ/ENCFF521FEX.fastq.gz	FASTQ/ENCFF943GON.fastq.gz	yes
ENCFF327LHH	1	FASTQ/ENCFF327LHH.fastq.gz	FASTQ/ENCFF329XPA.fastq.gz	yes
ENCFF268SVX	1	FASTQ/ENCFF268SVX.fastq.gz	FASTQ/ENCFF038XRY.fastq.gz	yes
ENCFF754ZOR	1	FASTQ/ENCFF754ZOR.fastq.gz	FASTQ/ENCFF217ZHW.fastq.gz	yes
ENCFF002CAX	1	FASTQ/ENCFF002CAX.fastq.gz	FASTQ/ENCFF002CAY.fastq.gz	yes
ENCFF263DFL	1	FASTQ/ENCFF263DFL.fastq.gz	FASTQ/ENCFF750DNI.fastq.gz	yes
ENCFF189GFD	1	FASTQ/ENCFF189GFD.fastq.gz	FASTQ/ENCFF895BDK.fastq.gz	yes
ENCFF711JSH	1	FASTQ/ENCFF711JSH.fastq.gz	FASTQ/ENCFF941XAQ.fastq.gz	yes
ENCFF059YDC	1	FASTQ/ENCFF059YDC.fastq.gz	FASTQ/ENCFF734LZZ.fastq.gz	yes
ENCFF283JYV	1	FASTQ/ENCFF283JYV.fastq.gz	FASTQ/ENCFF582ITO.fastq.gz	yes
